Project Name,Slug,Collection ID,Locale ID,Item ID,Archived,Draft,Created On,Updated On,Published On,Short Title,Property Short Description,Order (for portfolio sort),Design Team: Architect,Design Team: Landscape Architect,Design Team: General Contractor,Design Team: Interior Designer,Installation Location,Feature Image,Property Gallery,(Optional) Property Long Description,Property Type,Category Featured,Homepage Featured,Property Series,Installation State,Property Status,Bedrooms,Bathrooms,Square Feet: For Filter,Square Feet: Displayed on page
Bainbridge Island Custom Designed by Grouparchitect,bainbridge-island-custom,6633afedae74e628fc981431,654e2d17ca02e3904b4df6bf,6633b0a13d82264ea85a255d,false,false,Thu May 02 2024 15:26:25 GMT+0000 (Coordinated Universal Time),Mon Mar 09 2026 18:35:21 GMT+0000 (Coordinated Universal Time),Mon Mar 09 2026 19:42:43 GMT+0000 (Coordinated Universal Time),Bainbridge Island,"A three bedroom, two bath home located on a high waterfront lot overlooking the ferry terminal. Generous windows throughout allow for views from nearly every room in the home.",35,Grouparchitect,,,,"Bainbridge Island, WA",https://cdn.prod.website-files.com/654e2d17ca02e3904b4df6c0/6633b0a13d82264ea85a24a2_65e3583e008b7ba278a10410_Bainbridge_1.webp,https://cdn.prod.website-files.com/654e2d17ca02e3904b4df6c0/6633b0a13d82264ea85a249f_65e35841c1644f760b082eb3_bainbridge_4.webp; https://cdn.prod.website-files.com/654e2d17ca02e3904b4df6c0/6633b0a13d82264ea85a24ae_65e35841eb400de6d4c1e9bf_bainbridge_3.webp; https://cdn.prod.website-files.com/654e2d17ca02e3904b4df6c0/6633b0a13d82264ea85a2496_65e358419f2df27e8311d6b6_bainbridge_2.webp; https://cdn.prod.website-files.com/654e2d17ca02e3904b4df6c0/6633b0a13d82264ea85a24a2_65e3583e008b7ba278a10410_Bainbridge_1.webp,,Custom,false,false,NA - Custom,Washington,Completed,,,,
Bainbridge Studio Custom Designed by Method Architecture,bainbridge-studio-custom,6633afedae74e628fc981431,654e2d17ca02e3904b4df6bf,6633b0a78e8cce0ba76a5273,false,true,Thu May 02 2024 15:26:31 GMT+0000 (Coordinated Universal Time),Mon Mar 09 2026 18:26:05 GMT+0000 (Coordinated Universal Time),,Bainbridge Studio,"A minimalist one bedroom provides a welcome entry with a private patio, and a dyanmic slider allows for a fully open space during the day.",19,Method Architecture,,,,"Bainbridge Island, WA",https://cdn.prod.website-files.com/654e2d17ca02e3904b4df6c0/6633b0a78e8cce0ba76a51ea_65e370cffce524f7b7f8421c_Bainbridge%2520Studio%2520-%2520%2520(1).webp,https://cdn.prod.website-files.com/654e2d17ca02e3904b4df6c0/6633b0a78e8cce0ba76a51ea_65e370cffce524f7b7f8421c_Bainbridge%2520Studio%2520-%2520%2520(1).webp; https://cdn.prod.website-files.com/654e2d17ca02e3904b4df6c0/6633b0a78e8cce0ba76a51e1_65e370d176da45aae7836b38_Bainbridge%2520Studio%2520-%2520%2520(2).webp; https://cdn.prod.website-files.com/654e2d17ca02e3904b4df6c0/6633b0a78e8cce0ba76a51f7_65e370d1ba420d8b733292da_Bainbridge%2520Studio%2520-%2520%2520(3).webp,,Custom,false,false,NA - Custom,Washington,In Progress,,,,
Beehive Guesthouse designed by Method Arc,beehive-guesthouse-designed-by-method-arc,6633afedae74e628fc981431,654e2d17ca02e3904b4df6bf,69a9f3dbff1f1de9b92f2988,false,false,Thu Mar 05 2026 21:21:31 GMT+0000 (Coordinated Universal Time),Mon Mar 09 2026 18:18:17 GMT+0000 (Coordinated Universal Time),Mon Mar 09 2026 19:42:43 GMT+0000 (Coordinated Universal Time),Beehive Guesthouse,"A two-story residence nestled into a hillside on a 23-acre property in Big Sky, Montana. Designed for Montana’s long winters, the home is equipped with radiant floor heating, triple-pane windows, and durable cedar siding to ensure year-round comfort.",15,Method Architecture,,,,"Big Sky, MT",https://cdn.prod.website-files.com/654e2d17ca02e3904b4df6c0/69ab174cf5017ffff28ab6ad_Beehive-Guesthouse-Exterior-1.png,https://cdn.prod.website-files.com/654e2d17ca02e3904b4df6c0/69ab1754096e2b07ab376745_Beehive-Guesthouse-Exterior-2.png; https://cdn.prod.website-files.com/654e2d17ca02e3904b4df6c0/69ab1755a0f3880d45ba1749_Beehive-Guesthouse-Exterior-Aerial.png; https://cdn.prod.website-files.com/654e2d17ca02e3904b4df6c0/69ab175456e211fae42f7070_Beehive-Guesthouse-Interior-Entryway.png; https://cdn.prod.website-files.com/654e2d17ca02e3904b4df6c0/69ab1754cef1646e8da161bb_Beehive-Guesthouse-Living.png; https://cdn.prod.website-files.com/654e2d17ca02e3904b4df6c0/69ab175464fd061e77b524c7_Beehive-Guesthouse-Upstairs-Patio.png; https://cdn.prod.website-files.com/654e2d17ca02e3904b4df6c0/69ab1753885cb6071d46d80f_Beehive-Guesthouse-Upstairs.png; https://cdn.prod.website-files.com/654e2d17ca02e3904b4df6c0/69ab17530a60a43c8c5f937a_Behive-Guesthouse-Bedroom.png; https://cdn.prod.website-files.com/654e2d17ca02e3904b4df6c0/69ab175372a66bc2686ecaeb_Behive-Guesthouse-Kitchen-Living.png; https://cdn.prod.website-files.com/654e2d17ca02e3904b4df6c0/69ab1753522ba5aaec61487c_Behive-Guesthouse-Kitchen.png; https://cdn.prod.website-files.com/654e2d17ca02e3904b4df6c0/69ab1753536529fd57f02cc1_Behive-Guesthouse-Living-Firepit.png,,Custom,false,false,,Montana,Completed,,,,
Belmont Custom Designed by Clever Homes presented by tobylongdesign,belmont-custom,6633afedae74e628fc981431,654e2d17ca02e3904b4df6bf,6633b0a5cad21b3a8b2eaef5,false,false,Thu May 02 2024 15:26:29 GMT+0000 (Coordinated Universal Time),Mon Mar 09 2026 18:26:49 GMT+0000 (Coordinated Universal Time),Mon Mar 09 2026 19:42:43 GMT+0000 (Coordinated Universal Time),Belmont Custom,"Complex hillside construction featuring expansive views, custom casework and cabinets",23,Clever Homes presented by tobylongdesign,,,,"Belmont, WA",https://cdn.prod.website-files.com/654e2d17ca02e3904b4df6c0/6633b0a4cad21b3a8b2eaebe_65e363d3c7732269df5e41c4_013020-244_new.webp,https://cdn.prod.website-files.com/654e2d17ca02e3904b4df6c0/6633b0a4cad21b3a8b2eaebe_65e363d3c7732269df5e41c4_013020-244_new.webp; https://cdn.prod.website-files.com/654e2d17ca02e3904b4df6c0/6633b0a4cad21b3a8b2eaeb8_65e363d69e2ce4ad8743d65b_013020-006.webp; https://cdn.prod.website-files.com/654e2d17ca02e3904b4df6c0/6633b0a4cad21b3a8b2eaecc_65e363d63d86418646a44f93_013020-048.webp; https://cdn.prod.website-files.com/654e2d17ca02e3904b4df6c0/6633b0a4cad21b3a8b2eaec1_65e363d62688029857cb6782_013020-075.webp; https://cdn.prod.website-files.com/654e2d17ca02e3904b4df6c0/6633b0a4cad21b3a8b2eaec9_65e363d62c3b5423444f636d_013020-127.webp,,Custom,false,false,NA - Custom,Washington,Completed,,,,
Brittania Beach Custom Designed by Grouparchitect,brittania-beach-custom,6633afedae74e628fc981431,654e2d17ca02e3904b4df6bf,6633b0a10ab9fc0100615b1f,false,false,Thu May 02 2024 15:26:25 GMT+0000 (Coordinated Universal Time),Mon Mar 09 2026 18:33:03 GMT+0000 (Coordinated Universal Time),Mon Mar 09 2026 19:42:43 GMT+0000 (Coordinated Universal Time),Brittania Beach,"Located in a small beach community, Britannia is a fully custom 4 bedroom, 4 bath home designed for aging in place.",30,Grouparchitect,,,,"Brittania Beach, BC",https://cdn.prod.website-files.com/654e2d17ca02e3904b4df6c0/6633b0a10ab9fc0100615ae6_65e358e92c3b5423444a3238_514.webp,https://cdn.prod.website-files.com/654e2d17ca02e3904b4df6c0/6633b0a10ab9fc0100615ad8_65e358edb0108aa9f3c05530_145.webp; https://cdn.prod.website-files.com/654e2d17ca02e3904b4df6c0/6633b0a10ab9fc0100615ae0_65e358ed07c381b94f8bc787_216.webp; https://cdn.prod.website-files.com/654e2d17ca02e3904b4df6c0/6633b0a10ab9fc0100615b03_65e358ed9f2df27e8312234b_314.webp; https://cdn.prod.website-files.com/654e2d17ca02e3904b4df6c0/6633b0a10ab9fc0100615adc_65e358ede8a0291ec92443a2_414.webp; https://cdn.prod.website-files.com/654e2d17ca02e3904b4df6c0/6633b0a10ab9fc0100615ae6_65e358e92c3b5423444a3238_514.webp,"<figure id="""" class=""w-richtext-figure-type-video w-richtext-align-center"" style=""padding-bottom:33.75%"" data-rt-type=""video"" data-rt-align=""center"" data-rt-max-width="""" data-rt-max-height=""33.75%"" data-rt-dimensions=""640:360"" data-page-url=""https://vimeo.com/44534041""><div id=""""><iframe src=""https://player.vimeo.com/video/44534041"" scrolling=""no"" frameborder=""0"" allowfullscreen=""true""></iframe></div></figure><ul id=""""><li id=""""><strong id="""">Features</strong></li><li id="""">Mother-in-Law suite</li><li id="""">Shaft for future elevator</li><li id="""">Cement fiber board rain screen siding</li><li id="""">Sliding barn door</li><li id="""">Curbless shower</li><li id="""">Bamboo composite decking</li><li id="""">Solar hot water preheat</li><li id="""">Solar PV array</li><li id="""">Heat Recovery Ventilation system (HRV)</li><li id="""">Insert high efficiency fireplaces</li><li id="""">FSC Maple cabinetry</li></ul>",Custom,false,false,NA - Custom,British Columbia,Completed,,,,
Burlingame Custom Designed by Clever Homes and tobylongdesign,burlingame-custom-designed-by-clever-homes,6633afedae74e628fc981431,654e2d17ca02e3904b4df6bf,6633b09f14a0d204510630c7,false,false,Thu May 02 2024 15:26:23 GMT+0000 (Coordinated Universal Time),Wed Apr 15 2026 23:12:38 GMT+0000 (Coordinated Universal Time),Thu Apr 16 2026 23:34:32 GMT+0000 (Coordinated Universal Time),Burlingame Custom,"Modern home with expansive windows that bathe the warm interior in natural light, creating a bright and inviting atmosphere. ",39,Clever Homes,,,,"Burlingame, CA",https://cdn.prod.website-files.com/654e2d17ca02e3904b4df6c0/6633b09e14a0d20451062feb_65e4cdb096ea6659d3169652_Burlingame%2520Custom%2520by%2520Method%2520Homes%2520front%2520yard.webp,https://cdn.prod.website-files.com/654e2d17ca02e3904b4df6c0/6633b09e14a0d20451062ffc_654e2e5da003bb1abfa24f44_Burlingame%2520Custom%2520Home%2520by%2520Method%2520Homes.webp; https://cdn.prod.website-files.com/654e2d17ca02e3904b4df6c0/6633b09e14a0d20451063004_654e2e8f65fe337a99055fb4_burlingame_2.webp; https://cdn.prod.website-files.com/654e2d17ca02e3904b4df6c0/6633b09e14a0d2045106300d_654e2e8f8a9ba72b1a6b03cf_burlingame_3.webp; https://cdn.prod.website-files.com/654e2d17ca02e3904b4df6c0/6633b09e14a0d20451062ff0_654e2e8fef144411b609808a_burlingame_4.webp; https://cdn.prod.website-files.com/654e2d17ca02e3904b4df6c0/6633b09e14a0d20451063007_654e2e8fbb77b3fccf7aebf3_burlingame_5.webp,,Custom,true,false,,California,Completed,,,,
Calistoga Custom Designed by Signum Architecture,calistoga-custom,6633afedae74e628fc981431,654e2d17ca02e3904b4df6bf,6633b0a4af86928c02f536b3,false,false,Thu May 02 2024 15:26:28 GMT+0000 (Coordinated Universal Time),Mon Mar 09 2026 18:20:51 GMT+0000 (Coordinated Universal Time),Mon Mar 09 2026 19:42:43 GMT+0000 (Coordinated Universal Time),Calistoga Custom,"A Custom Modular with a Site built Great room, embraces the rolling hills and provides a welcome reprieve from the city life only a short drive away.",13,Signum Architecture,,,,"Calistoga, CA",https://cdn.prod.website-files.com/654e2d17ca02e3904b4df6c0/6633b0a4af86928c02f535df_65e3626382880d081d7782d7_Calistoga%252BCustom%252BPrefabricated%252BHome%252Bby%252BMethod.webp,https://cdn.prod.website-files.com/654e2d17ca02e3904b4df6c0/6633b0a4af86928c02f535df_65e3626382880d081d7782d7_Calistoga%252BCustom%252BPrefabricated%252BHome%252Bby%252BMethod.webp; https://cdn.prod.website-files.com/654e2d17ca02e3904b4df6c0/6633b0a4af86928c02f535ff_65e362a772b09b5817c07fd5_Calistoga%252BCustom%252BPrefabricated%252BHome%252Bby%252BMethod%252B-%252Bside%252Bprofile.webp; https://cdn.prod.website-files.com/654e2d17ca02e3904b4df6c0/6633b0a4af86928c02f5360a_65e362a7386e84fece63fd2e_Calistoga%252BCustom%252BPrefabricated%252BHome%252Bby%252BMethod%252Bpool%252Bfacing%252Bhome.webp; https://cdn.prod.website-files.com/654e2d17ca02e3904b4df6c0/6633b0a4af86928c02f5361b_65e362a7af43e88c4ffbd47c_Calistoga%252BCustom%252BPrefabricated%252BHome%252Bby%252BMethod%252Bpoolside.webp; https://cdn.prod.website-files.com/654e2d17ca02e3904b4df6c0/6633b0a4af86928c02f535ea_65e362a7a7e652925577f4c3_Calistoga%252BCustom%252BPrefabricated%252BHome%252Bby%252BMethod%252Byard%252Bshot.webp; https://cdn.prod.website-files.com/654e2d17ca02e3904b4df6c0/6633b0a4af86928c02f53645_65e362a64f33f6583b8da7db_Calistoga%252BCustom%252BPrefabricated%252BHome%252Bby%252BMethod%252Bshowing%252Bmaster%252Bbed%252Bmodern%252Bhome.webp; https://cdn.prod.website-files.com/654e2d17ca02e3904b4df6c0/6633b0a4af86928c02f53617_65e362a7837eb115bbe6f187_Calistoga%252BCustom%252BPrefabricated%252BHome%252Bby%252BMethodyard%252Bview.webp; https://cdn.prod.website-files.com/654e2d17ca02e3904b4df6c0/6633b0a4af86928c02f53633_65e362a792a2687a5ed33d79_Calistoga%252BCustom%252BPrefabricated%252BHome%252Bby%252BMethod%252Bfront%252Bentry.webp; https://cdn.prod.website-files.com/654e2d17ca02e3904b4df6c0/6633b0a4af86928c02f5363a_65e362a72e39102571f6b8cf_Calistoga%252BCustom%252BPrefabricated%252BHome%252Bby%252BMethodshowing%252Bopen%252Bliving%252Broom%252Bconcept.webp; https://cdn.prod.website-files.com/654e2d17ca02e3904b4df6c0/6633b0a4af86928c02f535f6_65e362a77fcdcd2ca5781087_Calistoga%252BCustom%252BPrefabricated%252BHome%252Bby%252BMethod%252Bliving%252Broom.webp; https://cdn.prod.website-files.com/654e2d17ca02e3904b4df6c0/6633b0a4af86928c02f5362b_65e362a7a7e652925577f4e0_Calistoga%252BCustom%252BPrefabricated%252BHome%252Bby%252BMethod%252Bliving%252Broom%252Bopening%252Bto%252Bpool%252Bside.webp; https://cdn.prod.website-files.com/654e2d17ca02e3904b4df6c0/6633b0a4af86928c02f53607_65e362a74921cd417fd358fd_Calistoga%252BCustom%252BPrefabricated%252BHome%252Bby%252BMethod%252Bmaster%252Bbathroom.webp; https://cdn.prod.website-files.com/654e2d17ca02e3904b4df6c0/6633b0a4af86928c02f535ef_65e362a7ca52a50bf94d5406_Calistoga%252BCustom%252BPrefabricated%252BHome%252Bby%252BMethod%252Bstair%252Bcase%252Bdetail.webp; https://cdn.prod.website-files.com/654e2d17ca02e3904b4df6c0/6633b0a4af86928c02f5364f_65e362a7eb400de6d4c6e166_Calistoga%252BCustom%252BPrefabricated%252BHome%252Bby%252BMethod%252Bdining%252Broom.webp; https://cdn.prod.website-files.com/654e2d17ca02e3904b4df6c0/6633b0a4af86928c02f53625_65e362a7d7c64851ec4ad148_Calistoga%252BCustom%252BPrefabricated%252BHome%252Bby%252BMethod%252Bpool%252Bfrom%252Bliving%252Broom.webp; https://cdn.prod.website-files.com/654e2d17ca02e3904b4df6c0/6633b0a4af86928c02f53622_65e362a7b9e36bc163df1f9d_Calistoga%252BCustom%252BPrefabricated%252BHome%252Bby%252BMethod%252Bbathroom%252Blooking%252Binto%252Bbed.webp; https://cdn.prod.website-files.com/654e2d17ca02e3904b4df6c0/6633b0a4af86928c02f53636_65e362a70610348669876731_Calistoga%252BCustom%252BPrefabricated%252BHome%252Bby%252BMethod%252Bbedroom.webp; https://cdn.prod.website-files.com/654e2d17ca02e3904b4df6c0/6633b0a4af86928c02f5361e_65e362a769e2314b25844d0a_Calistoga%252BCustom%252BPrefabricated%252BHome%252Bby%252BMethod%252Bdetail%252Bwith%252Bmoder%252Bart.webp; https://cdn.prod.website-files.com/654e2d17ca02e3904b4df6c0/6633b0a4af86928c02f53614_65e362a72688029857cad4f7_Calistoga%252BCustom%252BPrefabricated%252BHome%252Bby%252BMethod%252Bkitchen%252Bisland.webp; https://cdn.prod.website-files.com/654e2d17ca02e3904b4df6c0/6633b0a4af86928c02f535f3_65e362a6301ad30d25145bb2_Calistoga%252BCustom%252BPrefabricated%252BHome%252Bby%252BMethod%252Bguest%252Bbath.webp; https://cdn.prod.website-files.com/654e2d17ca02e3904b4df6c0/6633b0a4af86928c02f53602_65e362a6e680db5e1a63b60b_Calistoga%252BCustom%252BPrefabricated%252BHome%252Bby%252BMethodkitchen%252Bshot%252Bshowing%252Bdining%252Broom%252Bin%252Bbackground.webp; https://cdn.prod.website-files.com/654e2d17ca02e3904b4df6c0/6633b0a4af86928c02f535e6_65e362a740c1d7ac69ace1fc_Calistoga%252BCustom%252BPrefabricated%252BHome%252Bby%252BMethod%252Bguest%252Bbathroom%252Bshower%252Btile.webp; https://cdn.prod.website-files.com/654e2d17ca02e3904b4df6c0/6633b0a4af86928c02f53648_65e362a68aa7b3b27a409709_Calistoga%252BCustom%252BPrefabricated%252BHome%252Bby%252BMethod%252Boffice.webp; https://cdn.prod.website-files.com/654e2d17ca02e3904b4df6c0/6633b0a4af86928c02f53656_65e362a778346d12b72e4dfd_Calistoga%252BCustom%252BPrefabricated%252BHome%252Bby%252BMethod%252Boutdoor%252Bpatio.webp; https://cdn.prod.website-files.com/654e2d17ca02e3904b4df6c0/6633b0a4af86928c02f5363d_65e362a676da45aae77d3dd7_Calistoga%252BCustom%252BPrefabricated%252BHome%252Bby%252BMethod%252Bpowder%252Broom%252Bwith%252Bmodern%252Bart.webp,,Custom,false,true,NA - Custom,California,Completed,,,,
Canopy House Custom Designed by Method Architecture,canopy-house,6633afedae74e628fc981431,654e2d17ca02e3904b4df6bf,6633b0a6e0cf9e6d729f9958,false,false,Thu May 02 2024 15:26:30 GMT+0000 (Coordinated Universal Time),Thu Aug 20 2026 22:47:12 GMT+0000 (Coordinated Universal Time),Sun Aug 23 2026 23:37:17 GMT+0000 (Coordinated Universal Time),Canopy House,"This three-story, rooftop deck covered home home is nestled into the town of Jackson providing ample living space, and comfort with high performance envelope and glazing.",47,Method Architecture,,,,"Jackson Hole, WY",https://cdn.prod.website-files.com/654e2d17ca02e3904b4df6c0/6a8783ca8b35564c2c7d1548_canopy-house-exterior-side-angle.webp,https://cdn.prod.website-files.com/654e2d17ca02e3904b4df6c0/6a8780d5adc4ef4aa12b61c7_canopy-house-front-vertical-close-up.webp; https://cdn.prod.website-files.com/654e2d17ca02e3904b4df6c0/6a8780d5e9370a7f45438b76_canopy-house-interior-living-room.webp; https://cdn.prod.website-files.com/654e2d17ca02e3904b4df6c0/6a8780d437f91c1cb9a35f1e_canopy-house-living-fireplace.webp; https://cdn.prod.website-files.com/654e2d17ca02e3904b4df6c0/6a8780d506cae61895628a49_canopy-house-interior-kitchen.jpg; https://cdn.prod.website-files.com/654e2d17ca02e3904b4df6c0/6a8780d4bdf6bad3f6a28c3c_canopy-house-interior-office.webp; https://cdn.prod.website-files.com/654e2d17ca02e3904b4df6c0/6a8780d46fcda338bb9a860b_canopy-house-interior-stairs.webp; https://cdn.prod.website-files.com/654e2d17ca02e3904b4df6c0/6a8780d5a3375e55d6ca2218_canopy-house-interior-bedroom.webp; https://cdn.prod.website-files.com/654e2d17ca02e3904b4df6c0/6a8780d43775c6aa434ee563_canopy-house-siding-angle.webp; https://cdn.prod.website-files.com/654e2d17ca02e3904b4df6c0/6a87811bc6bc2da26f0d626e_canopy-house-patio-drone.webp; https://cdn.prod.website-files.com/654e2d17ca02e3904b4df6c0/6a8780d51812d12e7dcf5278_canopy-house-front-verticl.webp; https://cdn.prod.website-files.com/654e2d17ca02e3904b4df6c0/6a8783c3bb58580712b6c804_canopy-house-exterior-method-arc.webp,,Custom,false,false,NA - Custom,Wyoming,Completed,,,,
Carmel Valley Residence by Studio Schicketanz,carmel-valley-residence-by-studio-schicketanz,6633afedae74e628fc981431,654e2d17ca02e3904b4df6bf,6993a0495d6cfac57ca28d74,false,false,Mon Feb 16 2026 22:55:05 GMT+0000 (Coordinated Universal Time),Mon Mar 09 2026 18:15:21 GMT+0000 (Coordinated Universal Time),Mon Mar 09 2026 19:42:43 GMT+0000 (Coordinated Universal Time),Carmel Valley Residence,A multi-generational family compound nestled in an old-growth oak canopy.,5,Studio Schicketanz,,,,"Carmel, CA",https://cdn.prod.website-files.com/654e2d17ca02e3904b4df6c0/69939f9d8a861828ace92a64_schicketanz-carmel-home-under-trees.png,https://cdn.prod.website-files.com/654e2d17ca02e3904b4df6c0/69682e9579531ee9496e380c_Studio%20Schicketanz%20Plain%20Magazine%20for%20WEB.png; https://cdn.prod.website-files.com/654e2d17ca02e3904b4df6c0/69939fbd8c32dd56515b0f36_StudioSchicketanz_LOT67_DSF9154.jpg; https://cdn.prod.website-files.com/654e2d17ca02e3904b4df6c0/69939fb5aa6dffff7c77ad8e_StudioSchicketanz_LOT67_DSF9145.jpg; https://cdn.prod.website-files.com/654e2d17ca02e3904b4df6c0/69939fe39a6f3013644e1921_StudioSchicketanz_LOT67_DSF9261.jpg; https://cdn.prod.website-files.com/654e2d17ca02e3904b4df6c0/6993a035231ab0f9a1e96cf1_StudioSchicketanz_LOT67_DSF9316.jpg; https://cdn.prod.website-files.com/654e2d17ca02e3904b4df6c0/69939fcb1bc9134861519cc6_StudioSchicketanz_LOT67_DSF9204.jpg; https://cdn.prod.website-files.com/654e2d17ca02e3904b4df6c0/69939ff97b414f130237a920_StudioSchicketanz_LOT67_DSF9387.jpg; https://cdn.prod.website-files.com/654e2d17ca02e3904b4df6c0/6993a01012cfb701dd958bc1_StudioSchicketanz_LOT67_DSF9483.jpg; https://cdn.prod.website-files.com/654e2d17ca02e3904b4df6c0/6993a027a3af984cdfc265dd_StudioSchicketanz_LOT67_DSF9377.jpg; https://cdn.prod.website-files.com/654e2d17ca02e3904b4df6c0/6993a02f71254fe874406839_StudioSchicketanz_LOT67_DSF9352.jpg,,Custom,false,false,,California,Completed,,,,
Cascade Custom Designed by David Foster Architects,cascade-custom,6633afedae74e628fc981431,654e2d17ca02e3904b4df6bf,6633b0a38dbd228e52193621,false,true,Thu May 02 2024 15:26:27 GMT+0000 (Coordinated Universal Time),Wed May 07 2025 16:49:10 GMT+0000 (Coordinated Universal Time),,Cascade Custom,"This 3-bedroom, 2 bath home designed to fit on a steep urban infill lot is one of Seattle’s first modular homes to receive LEED Platinum certification. With a design focused on livability, the open floorplan is designed for homeowners to work and play at home.",59,David Foster Architects,,,,"Seattle, WA",https://cdn.prod.website-files.com/654e2d17ca02e3904b4df6c0/6633b0a28dbd228e521934fd_65e358ac2688029857c66e49_cascade.webp,https://cdn.prod.website-files.com/654e2d17ca02e3904b4df6c0/6633b0a28dbd228e521934c0_65e358afca52a50bf9487b15_Cascade_Office_Web1.webp; https://cdn.prod.website-files.com/654e2d17ca02e3904b4df6c0/6633b0a28dbd228e521934fd_65e358ac2688029857c66e49_cascade.webp; https://cdn.prod.website-files.com/654e2d17ca02e3904b4df6c0/6633b0a28dbd228e521934bd_65e358afeb400de6d4c22e11_Cascade_Living_Web1.webp; https://cdn.prod.website-files.com/654e2d17ca02e3904b4df6c0/6633b0a28dbd228e521934f7_65e358afaf43e88c4ff7180c_Cascade_Kitchen_Web1.webp; https://cdn.prod.website-files.com/654e2d17ca02e3904b4df6c0/6633b0a28dbd228e521934fa_65e358af86d406cbba997ef2_Cascade_Kitchen_Stairs_Web2.webp; https://cdn.prod.website-files.com/654e2d17ca02e3904b4df6c0/6633b0a28dbd228e52193503_65e358af49926d7d9d77fa44_Cascade_Bed_Web1.webp; https://cdn.prod.website-files.com/654e2d17ca02e3904b4df6c0/6633b0a28dbd228e521934cf_65e358af2688029857c66f96_Cascade_Bed_2_Web1.webp,"<figure id="""" class=""w-richtext-figure-type-video w-richtext-align-center"" style=""padding-bottom:44.25%"" data-rt-type=""video"" data-rt-align=""center"" data-rt-max-width="""" data-rt-max-height=""44.25%"" data-rt-dimensions=""640:472"" data-page-url=""https://vimeo.com/35300202""><div id=""""><iframe src=""https://player.vimeo.com/video/35300202"" scrolling=""no"" frameborder=""0"" allowfullscreen=""true""></iframe></div></figure><ul id=""""><li id=""""><strong id="""">Features</strong></li><li id="""">Ductless mini-split heating system</li><li id="""">Triple glazed windows with U value of .20 and better</li><li id="""">Super insulated envelope with 2″ rigid insulation exterior wrap</li><li id="""">Butterfly roof</li><li id="""">Zero VOC paints</li><li id="""">FSC bamboo hardwood floors</li><li id="""">Composite decking</li><li id="""">Fiber cement and cedar siding</li><li id="""">Garage pre-wired for electric car charging</li></ul>",Custom,false,false,NA - Custom,Washington,Completed,,,,
Chimney Rock Custom Designed by Nick Noyes Architects,chimney-rock-designed-by-nick-noyes-architects,6633afedae74e628fc981431,654e2d17ca02e3904b4df6bf,6633b09f6fa8b47bafde000a,false,false,Thu May 02 2024 15:26:23 GMT+0000 (Coordinated Universal Time),Thu Mar 20 2025 23:26:29 GMT+0000 (Coordinated Universal Time),Fri May 16 2025 19:47:09 GMT+0000 (Coordinated Universal Time),Chimney Rock,"Innovative Napa modern farmhouse with site built great room with vaulted gabled ceilings, large indoor outdoor living spaces and expansive Napa Valley views.",4,Nick Noyes Architecture,Lisa Chestnut Landscapes,,,"Napa, CA",https://cdn.prod.website-files.com/654e2d17ca02e3904b4df6c0/6633b09e6fa8b47bafddffd0_654e331e65088acbdee4d10e_Chimney%2520Rock%2520in%2520Napa%2520California%2520by%2520Method%2520Homes.jpeg,https://cdn.prod.website-files.com/654e2d17ca02e3904b4df6c0/6633b09e6fa8b47bafddffd0_654e331e65088acbdee4d10e_Chimney%2520Rock%2520in%2520Napa%2520California%2520by%2520Method%2520Homes.jpeg; https://cdn.prod.website-files.com/654e2d17ca02e3904b4df6c0/6633b09e6fa8b47bafddffcb_654e3324fe95edaababdbe68_Chimney%252BRock%252B1.jpeg; https://cdn.prod.website-files.com/654e2d17ca02e3904b4df6c0/6633b09e6fa8b47bafddffc8_654e33240e169ca747ed9d4b_Chimney%252BRock%252B2.jpeg; https://cdn.prod.website-files.com/654e2d17ca02e3904b4df6c0/6633b09e6fa8b47bafddffc5_654e33246d9fa0071428d0b4_Chimney%252BRock%252B4.jpeg; https://cdn.prod.website-files.com/654e2d17ca02e3904b4df6c0/6633b09e6fa8b47bafddffde_654e33248a9ba72b1a6e531f_Chimney%252BRock%252B5.jpeg,"<p id="""">Chimney Rock is a custom luxury home situated in the heart of Napa with views of vineyards and the surrounding Mayacamas mountains. The main 4 bed residence and separate guest suite was precision built offsite with Method Homes ensuring the highest levels of craftsmanship. The custom cabinets with wine towers, Hestan appliances and expansive glass doors leading to the patio and outdoor dining areas give this home the truly classic indoor outdoor integration.</p>",Custom,true,true,,California,Completed,,,,
Creekbend Designed by Method Architecture,creekbend-residence,6633afedae74e628fc981431,654e2d17ca02e3904b4df6bf,6633b0a8c700f1d66d327781,false,false,Thu May 02 2024 15:26:32 GMT+0000 (Coordinated Universal Time),Mon Mar 09 2026 18:43:31 GMT+0000 (Coordinated Universal Time),Mon Mar 09 2026 19:42:43 GMT+0000 (Coordinated Universal Time),Creekbend,This custom home embraces the river and surrounding hillsides bringing the sounds of nature inside.,52,Method Architecture,,,,"Ketchum, ID",https://cdn.prod.website-files.com/654e2d17ca02e3904b4df6c0/6633b0a7c700f1d66d3276dd_65e3723ab0108aa9f3cc57fa_Creekbend_%2520(6).webp,https://cdn.prod.website-files.com/654e2d17ca02e3904b4df6c0/6633b0a7c700f1d66d3276dd_65e3723ab0108aa9f3cc57fa_Creekbend_%2520(6).webp; https://cdn.prod.website-files.com/654e2d17ca02e3904b4df6c0/6633b0a7c700f1d66d3276c8_65e3723a6b4978d6fe232868_Creekbend_%2520(5).webp; https://cdn.prod.website-files.com/654e2d17ca02e3904b4df6c0/6633b0a7c700f1d66d3276e3_65e3723a301ad30d251b55ae_Creekbend_%2520(4).webp; https://cdn.prod.website-files.com/654e2d17ca02e3904b4df6c0/6633b0a7c700f1d66d3276d6_65e3723ada09c9dc62d5cc20_Creekbend_%2520(3).webp; https://cdn.prod.website-files.com/654e2d17ca02e3904b4df6c0/6633b0a7c700f1d66d3276d3_65e3723a140209a7c2d79ba6_Creekbend_%2520(2).webp; https://cdn.prod.website-files.com/654e2d17ca02e3904b4df6c0/6633b0a7c700f1d66d3276eb_65e3723acd2f1bebcd01c1f5_Creekbend_%2520(1).webp; https://cdn.prod.website-files.com/654e2d17ca02e3904b4df6c0/6633b0a7c700f1d66d3276ee_65e3723ab726d93dd0133351_Creekbend_%2520(7).webp,,Custom,false,false,NA - Custom,Idaho,In Progress,,,,
Doe Bay Cottage Designed by Studio 29,doe-bay-cottage,6633afedae74e628fc981431,654e2d17ca02e3904b4df6bf,6633b09f1d2f6a43068a44d9,false,true,Thu May 02 2024 15:26:23 GMT+0000 (Coordinated Universal Time),Fri Apr 25 2025 18:38:55 GMT+0000 (Coordinated Universal Time),,Doe Bay Cottage,"Classic design meets modern building technology in this 2 bedroom, 2 bath sustainable cottage located along the coast of Orcas Island, Washington.",35,Studio 29,,,,"Orcas Island, WA",https://cdn.prod.website-files.com/654e2d17ca02e3904b4df6c0/67dc8edb842c880cb29c7e14_6633b09f1d2f6a43068a44c6_65e323dee6faceda6057aa5b_523.webp,https://cdn.prod.website-files.com/654e2d17ca02e3904b4df6c0/67dc8edb842c880cb29c7e0c_6633b09f1d2f6a43068a44bd_65e323e292a2687a5eb4ee10_Orcas_Windowseat.webp; https://cdn.prod.website-files.com/654e2d17ca02e3904b4df6c0/67dc8edb842c880cb29c7e14_6633b09f1d2f6a43068a44c6_65e323dee6faceda6057aa5b_523.webp,"<figure id="""" class=""w-richtext-figure-type-video w-richtext-align-center"" style=""padding-bottom:44.25%"" data-rt-type=""video"" data-rt-align=""center"" data-rt-max-width="""" data-rt-max-height=""44.25%"" data-rt-dimensions=""640:472"" data-page-url=""https://vimeo.com/35300029""><div id=""""><iframe src=""https://player.vimeo.com/video/35300029"" scrolling=""no"" frameborder=""0"" allowfullscreen=""true""></iframe></div></figure>",Custom,false,false,NA - Custom,Washington,Completed,,,,
Fish Creek Passage by Method Arc,fish-creek-passage-by-method-arc,6633afedae74e628fc981431,654e2d17ca02e3904b4df6bf,6993a114c610c6c2dbc9b332,false,false,Mon Feb 16 2026 22:58:28 GMT+0000 (Coordinated Universal Time),Mon Mar 09 2026 19:33:51 GMT+0000 (Coordinated Universal Time),Mon Mar 09 2026 19:42:43 GMT+0000 (Coordinated Universal Time),Fish Creek Passage,"A peaceful single level home set along the riverfront blending clean lines, natural materials, and serene views.",8,Method Arc,,,,"Wilson, WY",https://cdn.prod.website-files.com/654e2d17ca02e3904b4df6c0/6994cde6cc444d453cc5516f_fish-creek-diagonal-illuminated.png,https://cdn.prod.website-files.com/654e2d17ca02e3904b4df6c0/6994cde0de3b69aa475356b0_fish-creek-architectural-overhang.png; https://cdn.prod.website-files.com/654e2d17ca02e3904b4df6c0/6994cde64fc5069feb6192ea_fish-creek-entrance.png; https://cdn.prod.website-files.com/654e2d17ca02e3904b4df6c0/6994cde91d9231aa0fdc3048_fish-creek-hallway.png; https://cdn.prod.website-files.com/654e2d17ca02e3904b4df6c0/6994cde940cf6dd26cda5ca4_fish-creek-couch-bookcase-clearstory.png; https://cdn.prod.website-files.com/654e2d17ca02e3904b4df6c0/6994cde788d55a04b55ba85c_fish-creek-couch-living.png; https://cdn.prod.website-files.com/654e2d17ca02e3904b4df6c0/6994cde9aec974185937d0f8_fish-creek-suspended-fireplace.png; https://cdn.prod.website-files.com/654e2d17ca02e3904b4df6c0/6994cde9ff51bc516f7facef_fish-creek-bathroom.png; https://cdn.prod.website-files.com/654e2d17ca02e3904b4df6c0/6994cde62607f5baa69f4873_fish-creek-front-door.png; https://cdn.prod.website-files.com/654e2d17ca02e3904b4df6c0/69af2099e6bea0e9220cfb1f_fish-creek-back-illuminated.png,,Custom,false,false,,Wyoming,Completed,,,,
Friday Harbor Custom Designed by Fish Mackay Architects,friday-harbor-custom-by-fish-mackay-architects,6633afedae74e628fc981431,654e2d17ca02e3904b4df6bf,6633b09f033bb60c681df515,false,false,Thu May 02 2024 15:26:23 GMT+0000 (Coordinated Universal Time),Mon Mar 09 2026 18:20:05 GMT+0000 (Coordinated Universal Time),Mon Mar 09 2026 19:42:43 GMT+0000 (Coordinated Universal Time),Friday Harbor,"Set close to the classic San Juan island hub of Friday Harbor, this home embraces the warmth of the small town living with natural wood throughout. A modern roofline opens toward the ever changing views of the harbor.",11,Fish Mackay Architects,,,,"Friday Harbor, WA",https://cdn.prod.website-files.com/654e2d17ca02e3904b4df6c0/6633b09e033bb60c681df4c0_6564e8ac457aac9713156960_Friday%252BHarbor%252BCustom%252B2%2520(1).jpeg,https://cdn.prod.website-files.com/654e2d17ca02e3904b4df6c0/6633b09e033bb60c681df4d3_6564e8af18cfdf685133b480_friday_harbor_custom-1%2520(1).jpeg; https://cdn.prod.website-files.com/654e2d17ca02e3904b4df6c0/6633b09e033bb60c681df4da_6564e8aff2207968fb0e8328_Friday%252BHarbor%252BCustom%252B1%2520(1).jpeg; https://cdn.prod.website-files.com/654e2d17ca02e3904b4df6c0/6633b09e033bb60c681df4c0_6564e8ac457aac9713156960_Friday%252BHarbor%252BCustom%252B2%2520(1).jpeg; https://cdn.prod.website-files.com/654e2d17ca02e3904b4df6c0/6633b09e033bb60c681df4df_6564e8b08fbbe725c46031a8_Friday%252BHarbor%252BCustom%252B3%2520(1).jpeg; https://cdn.prod.website-files.com/654e2d17ca02e3904b4df6c0/6633b09e033bb60c681df4d0_6564e8b0b356ea7eb800a217_Friday%252BHarbor%252BCustom%252B4%2520(1).jpeg,,Custom,false,false,,Washington,Completed,,,,
Girdwood Custom Designed by Prentiss + Balance + Wickline Architects,girdwood-custom,6633afedae74e628fc981431,654e2d17ca02e3904b4df6bf,6633b0a2234db5ccb24804f9,false,true,Thu May 02 2024 15:26:26 GMT+0000 (Coordinated Universal Time),Thu Mar 19 2026 22:05:34 GMT+0000 (Coordinated Universal Time),,Girdwood Custom,A three-story custom cabin designed for heavy snow loads and winter recreation features a one-bedroom apartment with separate entrance.,60,Prentiss + Balance + Wickline Architects,,,,"Girdwood, AK",https://cdn.prod.website-files.com/654e2d17ca02e3904b4df6c0/6633b0a2234db5ccb24804e4_65e35a233d864186469fbc92_Girdwood%252BExterior.webp,https://cdn.prod.website-files.com/654e2d17ca02e3904b4df6c0/6633b0a2234db5ccb24804e4_65e35a233d864186469fbc92_Girdwood%252BExterior.webp,"<figure class=""w-richtext-figure-type-video w-richtext-align-center"" style=""padding-bottom:33.75%"" data-rt-type=""video"" data-rt-align=""center"" data-rt-max-width="""" data-rt-max-height=""33.75%"" data-rt-dimensions=""640:360"" data-page-url=""https://vimeo.com/73725564""><div><iframe src=""https://player.vimeo.com/video/73725564"" scrolling=""no"" frameborder=""0"" allowfullscreen=""true""></iframe></div></figure><p>Three stories with two-story vaulted great room </p><p>Custom steel stringer staircase with reclaimed fir treads </p><p>Expansive deckingCustom steel stair railingRainscreen with commercial performance building wrap</p><p>Corten siding</p><p>Okoume Soffits</p><p>Built-in Cedar sauna</p><p>Wine storage room</p><p>Custom rift-sawn Oak cabinets</p><p>Ski room</p><p>Hydronic infloor radiant heat</p>",Custom,false,false,NA - Custom,Alaska,Completed,,,,
Greenville Fire Rebuilds Custom Designed by Atelier Jones,greenville-fire-rebuilds-custom,6633afedae74e628fc981431,654e2d17ca02e3904b4df6bf,6633b0a58f727b11e3c39f37,false,false,Thu May 02 2024 15:26:29 GMT+0000 (Coordinated Universal Time),Mon Mar 09 2026 18:37:51 GMT+0000 (Coordinated Universal Time),Mon Mar 09 2026 19:42:43 GMT+0000 (Coordinated Universal Time),Greenville Fire Rebuilds,Method was honored to help rebuild 3 homes that burned down in the Dixie Fire. Method built 3 wet core modules that included the kitchens and baths of the homes and the rest of homes were constructed with CLTS.,43,Atelier Jones,,,,"Greenville, CA",https://cdn.prod.website-files.com/654e2d17ca02e3904b4df6c0/6633b0a58f727b11e3c39f0f_65e369a351f6693a3a34ddd1_Greenville%252B2.webp,https://cdn.prod.website-files.com/654e2d17ca02e3904b4df6c0/6633b0a58f727b11e3c39f1f_65e369a6cd2f1bebcdfd9058_Greenville%252B4.webp; https://cdn.prod.website-files.com/654e2d17ca02e3904b4df6c0/6633b0a58f727b11e3c39f16_65e369a6bb56a777f0cf90c8_Greenville3%252B.webp; https://cdn.prod.website-files.com/654e2d17ca02e3904b4df6c0/6633b0a58f727b11e3c39f0a_65e369a6837eb115bbea2195_Greenville5.webp; https://cdn.prod.website-files.com/654e2d17ca02e3904b4df6c0/6633b0a58f727b11e3c39f1a_65e369a6b8f69754a40a9f39_Greenville%252B1.webp; https://cdn.prod.website-files.com/654e2d17ca02e3904b4df6c0/6633b0a58f727b11e3c39f0f_65e369a351f6693a3a34ddd1_Greenville%252B2.webp,,Custom,false,false,NA - Custom,California,Completed,,,,
Guemes Tidelands Custom Designed by Method Architecture,guemes-tidelands-custom,6633afedae74e628fc981431,654e2d17ca02e3904b4df6bf,6633b0a7033bb60c681dffe9,false,false,Thu May 02 2024 15:26:31 GMT+0000 (Coordinated Universal Time),Tue Jun 23 2026 21:42:43 GMT+0000 (Coordinated Universal Time),Tue Jun 30 2026 22:53:45 GMT+0000 (Coordinated Universal Time),Guemes Tidelands,"This custom home sets just above the bay with sweeping views of the water and surrounding landscape. The elevated position captures the changing tides, passing boats, and light.",44,Method Architecture,,,,"Guemes Island, WA",https://cdn.prod.website-files.com/654e2d17ca02e3904b4df6c0/6a3afd28093cec63b19d1a35_guemes-tidelands-dusk-hero.jpg,https://cdn.prod.website-files.com/654e2d17ca02e3904b4df6c0/6a3afd373b9d0094eddbaea0_guemes-tidelands-ramp.jpg; https://cdn.prod.website-files.com/654e2d17ca02e3904b4df6c0/6a3afd36f1467760ada79868_guemes-tidelands-siding-detail.jpg; https://cdn.prod.website-files.com/654e2d17ca02e3904b4df6c0/6a3afd368712f5cc3a8df23e_guemes-tidelands-waterfront-view.jpg; https://cdn.prod.website-files.com/654e2d17ca02e3904b4df6c0/6a3afd36fe418398199753f4_guemes-tidelands-island-view-kitchen.jpg; https://cdn.prod.website-files.com/654e2d17ca02e3904b4df6c0/6a3afd36003708689bdf9ae3_guemes-tidelands-front.jpg; https://cdn.prod.website-files.com/654e2d17ca02e3904b4df6c0/6a3afd361b70162fdaeaeb48_guemes-tidelands-sunset-over-water.jpg,,Custom,false,false,NA - Custom,Washington,In Progress,,,,
HOMB Portland Designed by Skylab Architecture,homb-portland,6633afedae74e628fc981431,654e2d17ca02e3904b4df6bf,683a18f2aee9b43d52a68a0f,false,false,Fri May 30 2025 20:45:38 GMT+0000 (Coordinated Universal Time),Mon Mar 09 2026 18:28:45 GMT+0000 (Coordinated Universal Time),Mon Mar 09 2026 19:42:43 GMT+0000 (Coordinated Universal Time),HOMB Portland,"Composed of 28 triangular modules, this 4-bedroom, 3.5 bath home is the first residential instance of HOMB. The three-story home is a highly customized design centralized around the concept of flexibility. The open floorplan features vaulted ceilings with ample glazing, offering plentiful sunlight and views of the neighborhood.",25,Skylab Architecture,,,,"Portland, OR",https://cdn.prod.website-files.com/654e2d17ca02e3904b4df6c0/683a18f2aee9b43d52a6876c_65e319eeaf2d6efd268609de_215.webp,https://cdn.prod.website-files.com/654e2d17ca02e3904b4df6c0/683a18f2aee9b43d52a6875b_65e319eeaf2d6efd268609e6_HOMB_INT.webp; https://cdn.prod.website-files.com/654e2d17ca02e3904b4df6c0/683a18f2aee9b43d52a6875e_65e319ee8aa7b3b27a1b7e36_HOMB_1_Web1.webp; https://cdn.prod.website-files.com/654e2d17ca02e3904b4df6c0/683a18f2aee9b43d52a687a2_65e319ee4653e946053c0721_513.webp; https://cdn.prod.website-files.com/654e2d17ca02e3904b4df6c0/683a18f2aee9b43d52a687a5_65e319ee008b7ba278830552_313.webp; https://cdn.prod.website-files.com/654e2d17ca02e3904b4df6c0/683a18f2aee9b43d52a68762_65e319eeaf2d6efd268609de_215.webp,"<figure id="""" class=""w-richtext-figure-type-video w-richtext-align-center"" style=""padding-bottom:33.75%"" data-rt-type=""video"" data-rt-align=""center"" data-rt-max-width="""" data-rt-max-height=""33.75%"" data-rt-dimensions=""640:360"" data-page-url=""https://vimeo.com/64403953""><div id=""""><iframe src=""https://player.vimeo.com/video/64403953"" scrolling=""no"" frameborder=""0"" allowfullscreen=""true""></iframe></div></figure><ul id=""""><li id=""""><strong id="""">Features</strong></li><li id="""">Custom steel spiral staircase</li><li id="""">Custom triple mitered solid surface countertops</li><li id="""">Custom built-in furniture</li><li id="""">Open-to-below vaulted ceilings</li><li id="""">Custom painted Oak cabinets and casework</li><li id="""">Custom poured concrete hexagonal bathroom tile</li><li id="""">FSC bamboo hardwood floors</li><li id="""">Composite Recycled plastic and bamboo Decking</li><li id="""">Sustainably Harvested Cedar Siding</li><li id="""">Recycled Floor Carpets</li><li id="""">Energy Star Qualified</li><li id="""">Solar photovoltaic array</li><li id="""">Rough sawn tight knot cedar siding</li><li id="""">Composite decking</li><li id="""">Exterior rigid foam insulation wrap and commercial envelope</li></ul>",Predesigned,false,false,HOMB (discontinued),Oregon,Completed,,,,
House of the Immediate Future Seattle Custom Designed by The Miller Hull Partnership,house-of-the-immediate-future-seattle-custom,6633afedae74e628fc981431,654e2d17ca02e3904b4df6bf,6633b0a022216e428451d1f1,false,false,Thu May 02 2024 15:26:24 GMT+0000 (Coordinated Universal Time),Tue Mar 10 2026 21:14:05 GMT+0000 (Coordinated Universal Time),Tue Mar 10 2026 21:14:05 GMT+0000 (Coordinated Universal Time),HOIF Seattle,"House of the Immediate Future (HOIF) is a prefab hybrid house designed for Habitat for Humanity for Seattle’s Next Fifty Celebration. The net-zero energy home features a ‘wet core’ built by Method that centralizes the homes electrical, plumbing, and HVAC systems, allowing for Habitat for Humanity volunteers to build around the core.",29,The Miller Hull Partnership,,,,"Seattle, WA",https://cdn.prod.website-files.com/654e2d17ca02e3904b4df6c0/69af1f4c6aca9dba980d9002_hoif-exterior-sunset.png,https://cdn.prod.website-files.com/654e2d17ca02e3904b4df6c0/69af1f4ce70991ee866b4c1e_hoif-exterior-space-needle.png; https://cdn.prod.website-files.com/654e2d17ca02e3904b4df6c0/69af1f47900e538592ad5b51_hoif-exterior-community.png; https://cdn.prod.website-files.com/654e2d17ca02e3904b4df6c0/69af5652d451beab0cf12a0a_hoif-exterior-side.png; https://cdn.prod.website-files.com/654e2d17ca02e3904b4df6c0/6633b0a022216e428451d168_65e3576bd436149bffacde6e_217.webp; https://cdn.prod.website-files.com/654e2d17ca02e3904b4df6c0/6633b0a022216e428451d170_65e3576be680db5e1a5d7d31_315.webp; https://cdn.prod.website-files.com/654e2d17ca02e3904b4df6c0/6633b0a022216e428451d154_65e3576b301ad30d250f3946_515.webp,,Custom,false,false,NA - Custom,Washington,Completed,,,,
Idaho Mountain Home,idaho-mountain-home,6633afedae74e628fc981431,654e2d17ca02e3904b4df6bf,69a9f54d795a66e9505df28b,false,false,Thu Mar 05 2026 21:27:41 GMT+0000 (Coordinated Universal Time),Mon Mar 09 2026 18:16:42 GMT+0000 (Coordinated Universal Time),Mon Mar 09 2026 19:42:43 GMT+0000 (Coordinated Universal Time),Idaho Mountain Home,A modern home with expansive glass walls providing a stunning view of the surrounding mountain landscape.,7,,,,,Idaho,https://cdn.prod.website-files.com/654e2d17ca02e3904b4df6c0/69a9fd6175f33ab0b5b8df14_Exterior%2001.jpg,https://cdn.prod.website-files.com/654e2d17ca02e3904b4df6c0/69a9fd7067cb04c20563d846_Exterior%2002.jpg; https://cdn.prod.website-files.com/654e2d17ca02e3904b4df6c0/69a9fd6fa2ce658deb9ff032_Exterior%2003.jpg; https://cdn.prod.website-files.com/654e2d17ca02e3904b4df6c0/69a9fd701e8f8ecd2c000d5a_Exterior%2004.jpg; https://cdn.prod.website-files.com/654e2d17ca02e3904b4df6c0/69a9fd6e30286fdbd451a99e_Exterior%2005.jpg; https://cdn.prod.website-files.com/654e2d17ca02e3904b4df6c0/69a9fd6d7f35a8b5b011d7ad_Interior%2001.jpg; https://cdn.prod.website-files.com/654e2d17ca02e3904b4df6c0/69a9fd6dd3c8b2205bb9f79f_Interior%2002.jpg; https://cdn.prod.website-files.com/654e2d17ca02e3904b4df6c0/69a9fd6c8fea05ccaa3d5a9b_Interior%2003.jpg; https://cdn.prod.website-files.com/654e2d17ca02e3904b4df6c0/69a9fd6b82851273e4a000af_Interior%2004.jpg; https://cdn.prod.website-files.com/654e2d17ca02e3904b4df6c0/69a9fd6a894d01d7e28f1cc9_Interior%2005.jpg; https://cdn.prod.website-files.com/654e2d17ca02e3904b4df6c0/69a9fd6b4a3655a2683c63cc_Interior%2006.jpg; https://cdn.prod.website-files.com/654e2d17ca02e3904b4df6c0/69a9fd6b7c8be262663acae3_Interior%2007.jpg,,Custom,false,false,,Idaho,Completed,,,,
JH Mountainview Designed by Method Architecture,jh-mountainview,6633afedae74e628fc981431,654e2d17ca02e3904b4df6bf,6633b0a8093353a0d464a288,false,false,Thu May 02 2024 15:26:32 GMT+0000 (Coordinated Universal Time),Mon Mar 09 2026 18:22:45 GMT+0000 (Coordinated Universal Time),Mon Mar 09 2026 19:42:43 GMT+0000 (Coordinated Universal Time),JH Mountainview,"Nestled into a hill side, this home has booth the privacy of a country home with stunning views of the Tetons in the distance. A large great room and wraparound decks provide comfortable living throughout the seasons.",17,Method Architecture,,,,"Jackson Hole, WY",https://cdn.prod.website-files.com/654e2d17ca02e3904b4df6c0/6633b0a7093353a0d464a207_65e371cd92a2687a5eda1ea1_Damon_01.webp,https://cdn.prod.website-files.com/654e2d17ca02e3904b4df6c0/6633b0a7093353a0d464a200_65e371d3c4670c8740883578_Damon_06.webp; https://cdn.prod.website-files.com/654e2d17ca02e3904b4df6c0/6633b0a7093353a0d464a204_65e371d378346d12b7350d82_Damon_05.webp; https://cdn.prod.website-files.com/654e2d17ca02e3904b4df6c0/6633b0a7093353a0d464a220_65e371d34e1432ab3834003a_Damon_04.webp; https://cdn.prod.website-files.com/654e2d17ca02e3904b4df6c0/6633b0a7093353a0d464a226_65e371d325b0d4343d5ea5c5_Damon_03.webp; https://cdn.prod.website-files.com/654e2d17ca02e3904b4df6c0/6633b0a7093353a0d464a20f_65e371d311db9df4ad538d39_Damon_10.webp; https://cdn.prod.website-files.com/654e2d17ca02e3904b4df6c0/6633b0a7093353a0d464a23a_65e371d38aa7b3b27a47d539_Damon_11.webp; https://cdn.prod.website-files.com/654e2d17ca02e3904b4df6c0/6633b0a7093353a0d464a22a_65e371d3ceae6d35155a88e4_Damon_12.webp; https://cdn.prod.website-files.com/654e2d17ca02e3904b4df6c0/6633b0a7093353a0d464a218_65e371d35b504ee0f507a393_Damon_13.webp; https://cdn.prod.website-files.com/654e2d17ca02e3904b4df6c0/6633b0a7093353a0d464a21b_65e371d3b8f69754a40dff28_Damon_09.webp; https://cdn.prod.website-files.com/654e2d17ca02e3904b4df6c0/6633b0a7093353a0d464a232_65e371d367b227d8dfe42ae4_Damon_02.webp; https://cdn.prod.website-files.com/654e2d17ca02e3904b4df6c0/6633b0a7093353a0d464a237_65e371d39c78c7ed6fa963e1_Damon_08.webp; https://cdn.prod.website-files.com/654e2d17ca02e3904b4df6c0/6633b0a7093353a0d464a207_65e371cd92a2687a5eda1ea1_Damon_01.webp; https://cdn.prod.website-files.com/654e2d17ca02e3904b4df6c0/6633b0a7093353a0d464a223_65e371d349926d7d9d8395c2_Damon_07.webp,,Custom,false,false,NA - Custom,Wyoming,In Progress,,,,
Jackson Hole Custom Designed by Chris Pardo Design Elemental Architecture,jackson-hole-custom,6633afedae74e628fc981431,654e2d17ca02e3904b4df6bf,6633b0a0e19ff83ca2d9323f,false,false,Thu May 02 2024 15:26:24 GMT+0000 (Coordinated Universal Time),Mon Mar 09 2026 18:34:19 GMT+0000 (Coordinated Universal Time),Mon Mar 09 2026 19:42:43 GMT+0000 (Coordinated Universal Time),Jackson Hole,"Modern mountain living in Jackson Hole. This stunning Method home features expansive windows showcasing the Teton Range, an open floor plan with sleek finishes, and a seamless indoor-outdoor connection.",18,Chris Pardo Design Elemental Architecture,,,,"Jackson Hole, WY",https://cdn.prod.website-files.com/654e2d17ca02e3904b4df6c0/6633b09fe19ff83ca2d931e4_65e32bbd746dd3ee8ae4701d_Method-Jackson-Hole-October-10.webp,https://cdn.prod.website-files.com/654e2d17ca02e3904b4df6c0/6633b09fe19ff83ca2d93217_65e32bc14eb0a1a3e7278513_jackson.webp; https://cdn.prod.website-files.com/654e2d17ca02e3904b4df6c0/6633b09fe19ff83ca2d931e4_65e32bbd746dd3ee8ae4701d_Method-Jackson-Hole-October-10.webp; https://cdn.prod.website-files.com/654e2d17ca02e3904b4df6c0/6633b09fe19ff83ca2d9321c_65e32bc12688029857b1d757_Method-Jackson-Hole-October-10-4.webp; https://cdn.prod.website-files.com/654e2d17ca02e3904b4df6c0/6633b0a0e19ff83ca2d93223_65e32bc14f33f6583b738bfa_Method_Jackson-Hole.webp; https://cdn.prod.website-files.com/654e2d17ca02e3904b4df6c0/6633b09fe19ff83ca2d931d6_65e32bc1b0108aa9f3ab1e9d_Method-Jackson-Hole-October-09-copy.webp; https://cdn.prod.website-files.com/654e2d17ca02e3904b4df6c0/6633b09fe19ff83ca2d931dc_65e32bc1683fe19430d8d9f7_Method-Jackson-Hole-October-09-copy-2.webp; https://cdn.prod.website-files.com/654e2d17ca02e3904b4df6c0/6633b09fe19ff83ca2d93200_65e32bc169e2314b256a5fa3_Method-Jackson-Hole-October-09-3.webp; https://cdn.prod.website-files.com/654e2d17ca02e3904b4df6c0/6633b09fe19ff83ca2d93214_65e32bc14f33f6583b738bf2_Method-Jackson-Hole-October-09-2.webp; https://cdn.prod.website-files.com/654e2d17ca02e3904b4df6c0/6633b09fe19ff83ca2d931ec_65e32bc1a7e65292555e5daa_Method-Jackson-Hole-October-09.webp,,Custom,false,false,NA - Custom,Wyoming,Completed,,,,
Jackson Hole Designed by Chris Pardo Design Elemental Architecture,jackson-hole-custom-d1348,6633afedae74e628fc981431,654e2d17ca02e3904b4df6bf,6633b0a500fa67bb176f2fc6,false,false,Thu May 02 2024 15:26:29 GMT+0000 (Coordinated Universal Time),Mon Mar 09 2026 19:15:26 GMT+0000 (Coordinated Universal Time),Mon Mar 09 2026 19:42:43 GMT+0000 (Coordinated Universal Time),Jackson Hole,"Complex hillside construction featuring expansive views, large fireplaces, board formed concrete foundation, custom casework, and cabinets",32,Chris Pardo Design Elemental Architecture,,,,"Jackson Hole, WY",https://cdn.prod.website-files.com/654e2d17ca02e3904b4df6c0/69af1c411d380743479a7a72_jackson-hole-exterior.png,https://cdn.prod.website-files.com/654e2d17ca02e3904b4df6c0/6633b0a400fa67bb176f2f20_65e361445b504ee0f5fffe52_IMG_6382.webp; https://cdn.prod.website-files.com/654e2d17ca02e3904b4df6c0/6633b0a400fa67bb176f2f26_65e361451509e4908567029e_IMG_6419.webp; https://cdn.prod.website-files.com/654e2d17ca02e3904b4df6c0/6633b0a400fa67bb176f2f23_65e36144ceae6d351552018f_IMG_6509.webp; https://cdn.prod.website-files.com/654e2d17ca02e3904b4df6c0/6633b0a400fa67bb176f2ef5_65e360c8e6faceda607520bd_jackson_1.webp; https://cdn.prod.website-files.com/654e2d17ca02e3904b4df6c0/6633b0a400fa67bb176f2ef8_65e360cb837eb115bbe61345_jackson_2.webp; https://cdn.prod.website-files.com/654e2d17ca02e3904b4df6c0/6633b0a400fa67bb176f2ee6_65e360cbd486d28f68ee3fa9_jackson_3.webp; https://cdn.prod.website-files.com/654e2d17ca02e3904b4df6c0/6633b0a400fa67bb176f2ee3_65e360cb7fcdcd2ca577546c_jackson_4.webp; https://cdn.prod.website-files.com/654e2d17ca02e3904b4df6c0/6633b0a400fa67bb176f2f0d_65e360cb76da45aae77c4bfb_jackson_5.webp,,Custom,false,false,NA - Custom,Wyoming,Completed,,,,
Jefferson Knoll Custom Designed by Method Architecture,jefferson-knoll-custom,6633afedae74e628fc981431,654e2d17ca02e3904b4df6bf,6633b0a6a030c5021bb93f5d,false,false,Thu May 02 2024 15:26:30 GMT+0000 (Coordinated Universal Time),Mon Mar 09 2026 18:43:51 GMT+0000 (Coordinated Universal Time),Mon Mar 09 2026 19:42:43 GMT+0000 (Coordinated Universal Time),Jefferson Knoll,"Nestled in the evergreen forests of the pacific northwest, this home embraces the dramatic views while providing proximity to nature.",50,Method Architecture,,,,"Port Hadlock, WA",https://cdn.prod.website-files.com/654e2d17ca02e3904b4df6c0/6633b0a6a030c5021bb93edc_65e36e5572b09b5817c61d01_Jefferson%2520Knoll-%2520(4).webp,https://cdn.prod.website-files.com/654e2d17ca02e3904b4df6c0/6633b0a6a030c5021bb93ecc_65e36e58bb56a777f0d20a7e_Jefferson%2520Knoll-%2520(1)%2520HS.webp; https://cdn.prod.website-files.com/654e2d17ca02e3904b4df6c0/6633b0a6a030c5021bb93f23_65e36e58fce524f7b7f72fdf_Jefferson%2520Knoll-%2520(2).webp; https://cdn.prod.website-files.com/654e2d17ca02e3904b4df6c0/6633b0a6a030c5021bb93ec5_65e36e58b8f69754a40c9fad_Jefferson%2520Knoll-%2520(3).webp; https://cdn.prod.website-files.com/654e2d17ca02e3904b4df6c0/6633b0a6a030c5021bb93edc_65e36e5572b09b5817c61d01_Jefferson%2520Knoll-%2520(4).webp,,Custom,false,false,NA - Custom,Washington,In Progress,,,,
Ketchikan Custom Designed by Balance Associates Architects,ketchikan-custom,6633afedae74e628fc981431,654e2d17ca02e3904b4df6bf,6633b0a00faa15c5145396ba,false,false,Thu May 02 2024 15:26:24 GMT+0000 (Coordinated Universal Time),Wed Apr 15 2026 23:15:11 GMT+0000 (Coordinated Universal Time),Thu Apr 16 2026 23:34:32 GMT+0000 (Coordinated Universal Time),Ketchikan Custom,"Unique off-grid property set in remote Ketchikan, Alaska. Complete with whitewashed plywood walls, metal siding, and barn doors over the windows for an industrial and modern look.",26,Balance Associates Architects,,,,"Ketchikan, AK",https://cdn.prod.website-files.com/654e2d17ca02e3904b4df6c0/6633b0a00faa15c51453969a_65e356892688029857c57514_ketchikan1.webp,https://cdn.prod.website-files.com/654e2d17ca02e3904b4df6c0/6633b0a00faa15c51453969a_65e356892688029857c57514_ketchikan1.webp; https://cdn.prod.website-files.com/654e2d17ca02e3904b4df6c0/6633b0a00faa15c514539680_65e3568eaf2d6efd26a3307d_ketchikan2.webp; https://cdn.prod.website-files.com/654e2d17ca02e3904b4df6c0/6633b0a00faa15c51453969e_65e3568e837eb115bbe13c8e_ketchikan4.webp; https://cdn.prod.website-files.com/654e2d17ca02e3904b4df6c0/6633b0a00faa15c514539694_65e3568e5b504ee0f5fae3a2_ketchikan5.webp,,Custom,false,false,NA - Custom,Alaska,Completed,,,,
Lid Park Custom Designed by Chris Pardo Design Elemental Architecture,lid-park-custom,6633afedae74e628fc981431,654e2d17ca02e3904b4df6bf,6633b0a1f0ca97dd99d540c2,false,false,Thu May 02 2024 15:26:25 GMT+0000 (Coordinated Universal Time),Mon Mar 09 2026 18:34:49 GMT+0000 (Coordinated Universal Time),Mon Mar 09 2026 19:42:43 GMT+0000 (Coordinated Universal Time),Lid Park,This less than 10-foot wide 3 story modern home was designed to sit on a tight urban infill lot and focuses on maximizing daylight and views while maintaining privacy.,34,Chris Pardo Design Elemental Architecture,,,,"Seattle, WA",https://cdn.prod.website-files.com/654e2d17ca02e3904b4df6c0/6633b0a1f0ca97dd99d5405a_65e359c7fdd2f9e010792b83_22384_1__1.webp,https://cdn.prod.website-files.com/654e2d17ca02e3904b4df6c0/6633b0a1f0ca97dd99d5403c_65e359ca69e2314b257fd045_lid_park.webp; https://cdn.prod.website-files.com/654e2d17ca02e3904b4df6c0/6633b0a1f0ca97dd99d5405a_65e359c7fdd2f9e010792b83_22384_1__1.webp; https://cdn.prod.website-files.com/654e2d17ca02e3904b4df6c0/6633b0a1f0ca97dd99d5406c_65e359cab9ddb1c6aaaa3187_22384_3__1.webp; https://cdn.prod.website-files.com/654e2d17ca02e3904b4df6c0/6633b0a1f0ca97dd99d5404b_65e359ca07c381b94f8c4142_22384_8__2_1.webp; https://cdn.prod.website-files.com/654e2d17ca02e3904b4df6c0/6633b0a1f0ca97dd99d54043_65e359ca9c78c7ed6f9e3fc1_22384_9_2_1.webp; https://cdn.prod.website-files.com/654e2d17ca02e3904b4df6c0/6633b0a1f0ca97dd99d54057_65e359ca2688029857c6f1df_22384_10_2_1.webp; https://cdn.prod.website-files.com/654e2d17ca02e3904b4df6c0/6633b0a1f0ca97dd99d54050_65e359ca40c1d7ac69a88d08_22384_11_2_1.webp; https://cdn.prod.website-files.com/654e2d17ca02e3904b4df6c0/6633b0a1f0ca97dd99d54064_65e359ca4f33f6583b89659d_22384_15_1.webp,"<figure id="""" class=""w-richtext-figure-type-video w-richtext-align-center"" style=""padding-bottom:44.25%"" data-rt-type=""video"" data-rt-align=""center"" data-rt-max-width="""" data-rt-max-height=""44.25%"" data-rt-dimensions=""640:472"" data-page-url=""https://vimeo.com/28678852""><div id=""""><iframe src=""https://player.vimeo.com/video/28678852"" scrolling=""no"" frameborder=""0"" allowfullscreen=""true""></iframe></div></figure><p id="""">This less than 10-foot wide 3 story modern home was designed to sit on a tight urban infill lot and focuses on maximizing daylight and views while maintaining privacy.</p><p id="""">Model: Custom<br>Architect: Chris Pardo Design: Elemental Architecture<br>Square Footage: 1,270<br>Location: Seattle, Washington</p><p id="""">Strand-woven bamboo flooring<br>Custom FSC Walnut cabinets<br>Cellulose and foam insulation<br>Hydronic radiant heat with European wall mounted radiators</p><p id="""">On demand hot water<br>Standing seam metal siding with recycled content<br>Custom staircase<br>Roof deck<br>Concrete floors</p><p id="""">‍</p>",Custom,false,false,NA - Custom,Washington,Completed,,,,
Martis 416 Custom Designed by sagemodern,martis-416-custom-home-designed-by-sagemodern-architects,6633afedae74e628fc981431,654e2d17ca02e3904b4df6bf,6633b09fc30c97f93ae72593,false,false,Thu May 02 2024 15:26:23 GMT+0000 (Coordinated Universal Time),Thu Mar 20 2025 23:26:29 GMT+0000 (Coordinated Universal Time),Fri May 16 2025 19:47:09 GMT+0000 (Coordinated Universal Time),Martis 416,"Modern mountain lodge with extensive built-ins including rift sawn white oak cabinets, doors and trim. Energy conscious and sustainably designed with hydronic radiant heat.",1,sagemodern,,,,"Nevada County, CA",https://cdn.prod.website-files.com/654e2d17ca02e3904b4df6c0/6633b09fc30c97f93ae7253a_65e4c2a2cff7f8be3f19d4aa_Martis%2520416.webp,https://cdn.prod.website-files.com/654e2d17ca02e3904b4df6c0/6633b09ec30c97f93ae7251d_654e31e31d74bc433ccd7bed_MC416-INT-36a.jpeg; https://cdn.prod.website-files.com/654e2d17ca02e3904b4df6c0/6633b09ec30c97f93ae724e9_654e31e387af46540ede4c00_MC416-INT-39.jpeg; https://cdn.prod.website-files.com/654e2d17ca02e3904b4df6c0/6633b09ec30c97f93ae724df_654e31e3ca02e3904b5158b1_MC416-INT-20a.jpeg; https://cdn.prod.website-files.com/654e2d17ca02e3904b4df6c0/6633b09ec30c97f93ae724fe_654e31e3f5bb0633405d509f_MC416-INT-40.jpeg; https://cdn.prod.website-files.com/654e2d17ca02e3904b4df6c0/6633b09ec30c97f93ae724d6_654e31e3a84a4b549c04d50e_MC416-INT-29.jpeg; https://cdn.prod.website-files.com/654e2d17ca02e3904b4df6c0/6633b09ec30c97f93ae724ca_654e31e3331eb72837af6cee_MC416-INT-25a.jpeg; https://cdn.prod.website-files.com/654e2d17ca02e3904b4df6c0/6633b09ec30c97f93ae7252d_654e31e3e761e29cf5d9b3b0_MC416-INT-26a.jpeg; https://cdn.prod.website-files.com/654e2d17ca02e3904b4df6c0/6633b09ec30c97f93ae724dc_654e31e3331eb72837af6ceb_MC416-INT-17a.jpeg; https://cdn.prod.website-files.com/654e2d17ca02e3904b4df6c0/6633b09ec30c97f93ae724e5_654e31e3001b58901f8e7c42_MC416-INT-12a.jpeg; https://cdn.prod.website-files.com/654e2d17ca02e3904b4df6c0/6633b09ec30c97f93ae724ec_654e31e3516e3bd1874af473_MC416-INT-14a.jpeg; https://cdn.prod.website-files.com/654e2d17ca02e3904b4df6c0/6633b09ec30c97f93ae724cd_654e31e37a85bb84857957bc_MC416-INT-30a.jpeg; https://cdn.prod.website-files.com/654e2d17ca02e3904b4df6c0/6633b09ec30c97f93ae72507_654e31e3c58ad1f899a3dbe8_MC416-INT-34a.jpeg; https://cdn.prod.website-files.com/654e2d17ca02e3904b4df6c0/6633b09ec30c97f93ae724e2_654e31e3bec795e98569cf5a_MC416-INT-18a.jpeg; https://cdn.prod.website-files.com/654e2d17ca02e3904b4df6c0/6633b09ec30c97f93ae724ef_654e31e3ee42ca75699eb65f_MC416-INT-33a.jpeg; https://cdn.prod.website-files.com/654e2d17ca02e3904b4df6c0/6633b09ec30c97f93ae72501_654e31e3a97f1d69fdb02001_MC416-INT-08a.jpeg; https://cdn.prod.website-files.com/654e2d17ca02e3904b4df6c0/6633b09ec30c97f93ae7250a_654e31e38821229b0151c63d_MC416-INT-02a.jpeg; https://cdn.prod.website-files.com/654e2d17ca02e3904b4df6c0/6633b09ec30c97f93ae72514_654e31e3bb77b3fccf7cf346_MC416-INT-06a.jpeg; https://cdn.prod.website-files.com/654e2d17ca02e3904b4df6c0/6633b09ec30c97f93ae72504_654e31e3f7ddbbf98f48f1e6_MC416-INT-07a.jpeg; https://cdn.prod.website-files.com/654e2d17ca02e3904b4df6c0/6633b09ec30c97f93ae7252a_654e31e3a7843c787d32dc0b_MC416-INT-09a.jpeg; https://cdn.prod.website-files.com/654e2d17ca02e3904b4df6c0/6633b09ec30c97f93ae72524_654e31e378555567e3615e23_MC416-INT-21a.jpeg; https://cdn.prod.website-files.com/654e2d17ca02e3904b4df6c0/6633b09ec30c97f93ae72517_654e31e30e169ca747ec9755_image-asset.jpeg; https://cdn.prod.website-files.com/654e2d17ca02e3904b4df6c0/6633b09ec30c97f93ae724fb_654e303bbb77b3fccf7c1526_martis%2520416%2520designed%2520by%2520sagemodern.jpeg; https://cdn.prod.website-files.com/654e2d17ca02e3904b4df6c0/6633b09fc30c97f93ae7253e_654e31e30e456ca59b309fa2_image-asset%2520(1).jpeg; https://cdn.prod.website-files.com/654e2d17ca02e3904b4df6c0/6633b09ec30c97f93ae7251a_654e31e36e553a52f1472965_MC416-INT-03a.jpeg; https://cdn.prod.website-files.com/654e2d17ca02e3904b4df6c0/6633b09ec30c97f93ae72520_654e31e3f5bb0633405d505c_MC416-INT-01a.jpeg,,Custom,true,true,,California,Completed,,,,
Martis 476 Custom Designed by sagemodern,martis-476-custom,6633afedae74e628fc981431,654e2d17ca02e3904b4df6bf,6633b0a398c3bb8e345b788f,false,false,Thu May 02 2024 15:26:27 GMT+0000 (Coordinated Universal Time),Mon Mar 09 2026 18:24:53 GMT+0000 (Coordinated Universal Time),Mon Mar 09 2026 19:42:43 GMT+0000 (Coordinated Universal Time),Martis 476,"Designed by Sage Modern Architecture, this home provides a spacious great room with quiet spaces for relaxing and being closer to nature.",21,sagemodern,,,,"Truckee, CA",https://cdn.prod.website-files.com/654e2d17ca02e3904b4df6c0/6633b0a298c3bb8e345b7871_65e35cd20fb615e1944d26ba_martis476_3.webp,https://cdn.prod.website-files.com/654e2d17ca02e3904b4df6c0/6633b0a298c3bb8e345b785f_65e35cd667b227d8dfd9e189_martis476_10.webp; https://cdn.prod.website-files.com/654e2d17ca02e3904b4df6c0/6633b0a298c3bb8e345b7871_65e35cd20fb615e1944d26ba_martis476_3.webp; https://cdn.prod.website-files.com/654e2d17ca02e3904b4df6c0/6633b0a298c3bb8e345b7864_65e35cd6200e9c39f95cf953_martis476_4.webp; https://cdn.prod.website-files.com/654e2d17ca02e3904b4df6c0/6633b0a298c3bb8e345b7877_65e35cd6683fe19430f0a7b4_martis476_5.webp; https://cdn.prod.website-files.com/654e2d17ca02e3904b4df6c0/6633b0a298c3bb8e345b787c_65e35cd60610348669844a16_martis476_6.webp; https://cdn.prod.website-files.com/654e2d17ca02e3904b4df6c0/6633b0a298c3bb8e345b786e_65e35cd6b8f69754a404a225_martis476_7.webp; https://cdn.prod.website-files.com/654e2d17ca02e3904b4df6c0/6633b0a298c3bb8e345b787f_65e35cd6d486d28f68ec5de0_martis476_8.webp; https://cdn.prod.website-files.com/654e2d17ca02e3904b4df6c0/6633b0a298c3bb8e345b7867_65e35cd6a39f65dced145414_martis476_9.webp,,Custom,false,false,NA - Custom,California,Completed,,,,
Martis 663 by sagemodern,martis-663-by-sagemodern,6633afedae74e628fc981431,654e2d17ca02e3904b4df6bf,69a9feecbbc4d22221db5409,false,false,Thu Mar 05 2026 22:08:44 GMT+0000 (Coordinated Universal Time),Mon Mar 09 2026 18:17:39 GMT+0000 (Coordinated Universal Time),Mon Mar 09 2026 19:42:43 GMT+0000 (Coordinated Universal Time),Martis 663,"A peaceful forest retreat with a spacious living area, expansive windows, and a custom squash court. Perfect for entertaining and taking in the beauty of the surrounding natural landscape.",6,sagemodern,,,,"Lake Tahoe, CA",https://cdn.prod.website-files.com/654e2d17ca02e3904b4df6c0/69a9fea27279938c0965fb10_martis-camp-front-door-full.png,https://cdn.prod.website-files.com/654e2d17ca02e3904b4df6c0/69a9feb6f3754d676c5e6268_martis-camp-exterior-windows.png; https://cdn.prod.website-files.com/654e2d17ca02e3904b4df6c0/69a9fec07a967fdaed8578a2_martis-camp-interior-living-room.png; https://cdn.prod.website-files.com/654e2d17ca02e3904b4df6c0/69a9fec089c7cc7c40335786_martis-camp-kitchen-blue-tile.png; https://cdn.prod.website-files.com/654e2d17ca02e3904b4df6c0/69a9feb5c2633dd75f5af292_martis-camp-dining-nook-custom.png; https://cdn.prod.website-files.com/654e2d17ca02e3904b4df6c0/69a9feb6e994b1335a90be83_martis-camp-dining-room-interior.png; https://cdn.prod.website-files.com/654e2d17ca02e3904b4df6c0/69a9fec1a329c61c8a9853cf_martis-camp-interior-kids-living.png; https://cdn.prod.website-files.com/654e2d17ca02e3904b4df6c0/69a9feb63920259ce4e23fb9_martis-camp-bathroom-tub-view.png; https://cdn.prod.website-files.com/654e2d17ca02e3904b4df6c0/69a9feb606a5e1b7e9c0b46b_martis-camp-custom-raquetball-court.png; https://cdn.prod.website-files.com/654e2d17ca02e3904b4df6c0/69a9feb831350ca639a10521_martis-camp-exterior-fire-pit.png,,Custom,false,false,,California,Completed,,,,
Martis Camp Custom Designed by sagemodern,martis-camp-custom,6633afedae74e628fc981431,654e2d17ca02e3904b4df6bf,6633b0a23d82264ea85a2683,false,false,Thu May 02 2024 15:26:26 GMT+0000 (Coordinated Universal Time),Mon Mar 09 2026 18:24:39 GMT+0000 (Coordinated Universal Time),Mon Mar 09 2026 19:42:43 GMT+0000 (Coordinated Universal Time),Martis Camp,A Classic Mountain Modern custom home fits perfectly into the Tahoe environment,20,sagemodern,,,,"Truckee, CA",https://cdn.prod.website-files.com/654e2d17ca02e3904b4df6c0/6633b0a23d82264ea85a2663_65e35b454f33f6583b8a12ec_martis_camp.webp,https://cdn.prod.website-files.com/654e2d17ca02e3904b4df6c0/6633b0a23d82264ea85a2663_65e35b454f33f6583b8a12ec_martis_camp.webp; https://cdn.prod.website-files.com/654e2d17ca02e3904b4df6c0/6633b0a23d82264ea85a2675_65e35b492c3b5423444b4711_martis-3.webp; https://cdn.prod.website-files.com/654e2d17ca02e3904b4df6c0/6633b0a23d82264ea85a2660_65e35b49da09c9dc62cb68df_martis-21.webp,,Custom,false,false,NA - Custom,California,Completed,,,,
Menlo Park Custom Designed by Clever Homes by  Toby Long Design,menlo-park-custom-by-clever-homes,6633afedae74e628fc981431,654e2d17ca02e3904b4df6bf,6633b0a636febb6e63a55702,false,false,Thu May 02 2024 15:26:30 GMT+0000 (Coordinated Universal Time),Mon Mar 09 2026 18:37:08 GMT+0000 (Coordinated Universal Time),Mon Mar 09 2026 19:42:43 GMT+0000 (Coordinated Universal Time),Menlo Park,Custom home on a full basement with outdoor living/kitchen area in an infill neighborhood.,40,Clever Homes,,,,"Menlo Park, CA",https://cdn.prod.website-files.com/654e2d17ca02e3904b4df6c0/6633b0a536febb6e63a554ef_65677ae157c6907c190ec64a_Menlo%252Bpark%252B-%252Boutdoor%252Bfire%2520(1).jpeg,https://cdn.prod.website-files.com/654e2d17ca02e3904b4df6c0/6633b0a536febb6e63a554ef_65677ae157c6907c190ec64a_Menlo%252Bpark%252B-%252Boutdoor%252Bfire%2520(1).jpeg; https://cdn.prod.website-files.com/654e2d17ca02e3904b4df6c0/6633b0a536febb6e63a5550c_65677ae923832c2c959c752f_Menlo%252Bpark%252Bdining%252Broom%2520(1).jpeg; https://cdn.prod.website-files.com/654e2d17ca02e3904b4df6c0/6633b0a536febb6e63a554de_65677ae97f5f8ddb83a8610e_Menlo%252Bpark%252Bfront%252Bentry%2520(1).jpeg; https://cdn.prod.website-files.com/654e2d17ca02e3904b4df6c0/6633b0a536febb6e63a554ec_65677ae97283d01b951c735a_Menlo%252Bpark%252Bliving%252Band%252Bgame%252Broom%2520(1).jpeg; https://cdn.prod.website-files.com/654e2d17ca02e3904b4df6c0/6633b0a536febb6e63a55509_65677ae933d8667d9ca3ae56_Menlo%252Bpark%252Bmaster%252Bbed%2520(1).jpeg; https://cdn.prod.website-files.com/654e2d17ca02e3904b4df6c0/6633b0a536febb6e63a55528_65677ae94646e2c4aa47a295_Menlo%252Bpark%252Boutdoor%252Bfire%252Band%252Bpergola%2520(1).jpeg; https://cdn.prod.website-files.com/654e2d17ca02e3904b4df6c0/6633b0a536febb6e63a55525_65677ae92c317fe2ec49ecfb_Menlo%252Bpark%252Boutdoor%252Bpatio%2520(1).jpeg,,Custom,false,false,,California,Completed,,,,
Mercer Island 3 Custom Designed by sagemodern,mercer-island-3-custom,6633afedae74e628fc981431,654e2d17ca02e3904b4df6bf,6633b0a245e7e47e1aa21190,false,false,Thu May 02 2024 15:26:26 GMT+0000 (Coordinated Universal Time),Mon Mar 09 2026 18:36:27 GMT+0000 (Coordinated Universal Time),Mon Mar 09 2026 19:42:43 GMT+0000 (Coordinated Universal Time),Mercer Island 3,"Designed by Sage Modern Architecture, this four-bedroom, four bathroom home features 3 levels with an open living space and spacious 450+ square foot deck with views of Lake Washington and seasonal views of Mount Rainier.",38,sagemodern,,,,"Mercer Island, WA",https://cdn.prod.website-files.com/654e2d17ca02e3904b4df6c0/6633b0a245e7e47e1aa21153_65e35c6e0610348669841058_mercer_island.webp,https://cdn.prod.website-files.com/654e2d17ca02e3904b4df6c0/6633b0a245e7e47e1aa21153_65e35c6e0610348669841058_mercer_island.webp; https://cdn.prod.website-files.com/654e2d17ca02e3904b4df6c0/6633b0a245e7e47e1aa21164_65e35c7176da45aae77a1ddd_Mercer-3-1.webp; https://cdn.prod.website-files.com/654e2d17ca02e3904b4df6c0/6633b0a245e7e47e1aa2115b_65e35c71ba420d8b73297dfc_Mercer-3-2.webp; https://cdn.prod.website-files.com/654e2d17ca02e3904b4df6c0/6633b0a245e7e47e1aa21168_65e35c71af43e88c4ff8cdc6_Mercer-3-4.webp,,Custom,false,false,NA - Custom,Washington,Completed,,,,
Moose Wilson Stream Custom Designed by Method Architecture,moose-crossing-custom,6633afedae74e628fc981431,654e2d17ca02e3904b4df6bf,6633b0a70ab9fc0100615db6,false,false,Thu May 02 2024 15:26:31 GMT+0000 (Coordinated Universal Time),Tue May 05 2026 23:43:26 GMT+0000 (Coordinated Universal Time),Tue May 05 2026 23:43:51 GMT+0000 (Coordinated Universal Time),Moose Wilson Stream,Natural light spills through the clearstories of this single level residence which is oriented towards views of the mountain while retaining privacy and enclosure,48,Method Architecture,,,,"Jackson Hole, WY",https://cdn.prod.website-files.com/654e2d17ca02e3904b4df6c0/69af14072bf01393117a01e3_moose-wilson-rendering.webp,https://cdn.prod.website-files.com/654e2d17ca02e3904b4df6c0/6633b0a60ab9fc0100615d98_65e36ec6d7c64851ec503fc5_Moose%2520Crossing%2520-%2520(1)%2520HS.webp; https://cdn.prod.website-files.com/654e2d17ca02e3904b4df6c0/6633b0a60ab9fc0100615d93_65e36ec6a488ffef9a07c49a_Moose%2520Crossing%2520-%2520(2).webp; https://cdn.prod.website-files.com/654e2d17ca02e3904b4df6c0/6633b0a60ab9fc0100615da0_65e36ec6fdd2f9e0108284ae_Moose%2520Crossing%2520-%2520(3).webp; https://cdn.prod.website-files.com/654e2d17ca02e3904b4df6c0/6633b0a60ab9fc0100615da3_65e36ec6b8f69754a40cc558_Moose%2520Crossing%2520(4).webp,,Custom,false,false,NA - Custom,Wyoming,In Progress,,,,
Mountain Village Custom Designed by Method Architecture,mountain-village-peak-custom,6633afedae74e628fc981431,654e2d17ca02e3904b4df6bf,6633b0a6af86928c02f53a56,false,false,Thu May 02 2024 15:26:30 GMT+0000 (Coordinated Universal Time),Tue May 05 2026 23:37:54 GMT+0000 (Coordinated Universal Time),Tue May 05 2026 23:43:51 GMT+0000 (Coordinated Universal Time),Mountain Village,"A dramatic view of the rockies is captured in the vaulted living room, surrounded by the aspen forest.",49,Method Architecture,,,,"Telluride, CO",https://cdn.prod.website-files.com/654e2d17ca02e3904b4df6c0/6633b0a6af86928c02f53a29_65e37048ca52a50bf953e812_Mountain%2520Village%2520Peak_%2520(1).webp,https://cdn.prod.website-files.com/654e2d17ca02e3904b4df6c0/6633b0a6af86928c02f53a1a_65e37048e6faceda607d7d31_Mountain%2520Village%2520Peak_%2520(5).webp; https://cdn.prod.website-files.com/654e2d17ca02e3904b4df6c0/6633b0a6af86928c02f53a39_65e37048342fae21f3a1d050_Mountain%2520Village%2520Peak_%2520(4).webp; https://cdn.prod.website-files.com/654e2d17ca02e3904b4df6c0/6633b0a6af86928c02f53a17_65e370478a0177cfc7db508b_Mountain%2520Village%2520Peak_%2520(3).webp; https://cdn.prod.website-files.com/654e2d17ca02e3904b4df6c0/6633b0a6af86928c02f53a0e_65e37048008b7ba278abf903_Mountain%2520Village%2520Peak_%2520(2).webp; https://cdn.prod.website-files.com/654e2d17ca02e3904b4df6c0/6633b0a6af86928c02f53a22_65e37048d486d28f68f55e2c_Mountain%2520Village%2520Peak_%2520(9).webp; https://cdn.prod.website-files.com/654e2d17ca02e3904b4df6c0/6633b0a6af86928c02f53a29_65e37048ca52a50bf953e812_Mountain%2520Village%2520Peak_%2520(1).webp; https://cdn.prod.website-files.com/654e2d17ca02e3904b4df6c0/6633b0a6af86928c02f53a26_65e37048e2fa2f8ee53f8b89_Mountain%2520Village%2520Peak_%2520(8).webp; https://cdn.prod.website-files.com/654e2d17ca02e3904b4df6c0/6633b0a6af86928c02f53a14_65e3704869e2314b258aaaa4_Mountain%2520Village%2520Peak_%2520(6).webp; https://cdn.prod.website-files.com/654e2d17ca02e3904b4df6c0/6633b0a6af86928c02f53a31_65e3704872b09b5817c70864_Mountain%2520Village%2520Peak_%2520(7).webp,,Custom,false,false,NA - Custom,Colorado,In Progress,,,,
Oakland Custom Designed by Clever Homes presented by tobylongdesign,oakland-custom,6633afedae74e628fc981431,654e2d17ca02e3904b4df6bf,6633b0a17d44d52903d40fa7,false,false,Thu May 02 2024 15:26:25 GMT+0000 (Coordinated Universal Time),Mon Mar 09 2026 18:23:03 GMT+0000 (Coordinated Universal Time),Mon Mar 09 2026 19:42:43 GMT+0000 (Coordinated Universal Time),Oakland Custom,"Live comfortably and efficiently in this modern haven. Built-in lockers in the entryway keep everyone organized, while a custom tile scheme adds a touch of personality throughout. Cozy up in the great room featuring a wraparound built-in bench seat, perfect for movie nights or game days. Enjoy year-round comfort with the efficient ductless mini-split mechanical system and embrace sustainable living with the solar PV system that helps power your home. The striking butterfly roof adds a touch of architectural flair, making this property both functional and stylish.",17,Clever Homes presented by tobylongdesign,,,,"Oakland, CA",https://cdn.prod.website-files.com/654e2d17ca02e3904b4df6c0/6633b0a07d44d52903d40f07_65e32cb19e2ce4ad8729a6c4_santaRosa_1-1.webp,https://cdn.prod.website-files.com/654e2d17ca02e3904b4df6c0/6633b0a07d44d52903d40f1d_65e32cb4b9ddb1c6aa94f217_santaRosa6.webp; https://cdn.prod.website-files.com/654e2d17ca02e3904b4df6c0/6633b0a07d44d52903d40f0b_65e32cb4bba950cd2561a8b0_santaRosa_5.webp; https://cdn.prod.website-files.com/654e2d17ca02e3904b4df6c0/6633b0a07d44d52903d40f0e_65e32cb469e2314b256ad2a5_santaRosa_4.webp; https://cdn.prod.website-files.com/654e2d17ca02e3904b4df6c0/6633b0a07d44d52903d40ef8_65e32cb47632a225efca5aa3_santaRosa_3.webp; https://cdn.prod.website-files.com/654e2d17ca02e3904b4df6c0/6633b0a07d44d52903d40f19_65e32cb4d436149bff981cf1_santaRosa_2.webp; https://cdn.prod.website-files.com/654e2d17ca02e3904b4df6c0/6633b0a07d44d52903d40f07_65e32cb19e2ce4ad8729a6c4_santaRosa_1-1.webp,,Custom,false,false,NA - Custom,California,Completed,,,,
Olympic Valley Custom Designed by Clever Homes presented by tobylongdesign,olympic-valley-custom-home,6633afedae74e628fc981431,654e2d17ca02e3904b4df6bf,6633b0a52501d5a16529eaca,false,false,Thu May 02 2024 15:26:29 GMT+0000 (Coordinated Universal Time),Wed Apr 15 2026 23:16:20 GMT+0000 (Coordinated Universal Time),Thu Apr 16 2026 23:34:32 GMT+0000 (Coordinated Universal Time),Olympic Valley,Custom ski cabin getaway nestled amongst the trees. ,42,Clever Homes presented by tobylongdesign,,,,"Olympic Valley, WA",https://cdn.prod.website-files.com/654e2d17ca02e3904b4df6c0/6633b0a52501d5a16529ea99_65e369de301ad30d25179afd_Olympic%252BValley%252B4.webp,https://cdn.prod.website-files.com/654e2d17ca02e3904b4df6c0/6633b0a52501d5a16529ea96_65e369e12322be12b7031a9b_Olympic%252BValley%252B1.webp; https://cdn.prod.website-files.com/654e2d17ca02e3904b4df6c0/6633b0a52501d5a16529eaa0_65e369e16be84443abba19b8_Olympic%252BValley%252B2.webp; https://cdn.prod.website-files.com/654e2d17ca02e3904b4df6c0/6633b0a52501d5a16529eaa6_65e369e1feddec420d7f218d_Olympic%252BValley%252B3.webp; https://cdn.prod.website-files.com/654e2d17ca02e3904b4df6c0/6633b0a52501d5a16529ea99_65e369de301ad30d25179afd_Olympic%252BValley%252B4.webp,,Custom,false,false,NA - Custom,Washington,Completed,,,,
Orcas Retreat Washington Custom Designed by Make Ground Design,orcas-retreat-washington,6633afedae74e628fc981431,654e2d17ca02e3904b4df6bf,6633b0a572941bbe90543b02,false,false,Thu May 02 2024 15:26:29 GMT+0000 (Coordinated Universal Time),Tue Jun 23 2026 21:43:46 GMT+0000 (Coordinated Universal Time),Tue Jun 30 2026 22:53:45 GMT+0000 (Coordinated Universal Time),Orcas Retreat Washington,Compact 2 module home with expansive Salish Sea views and custom architectural detailing.,45,Make Ground Design,,,,"Orcas Island, WA",https://cdn.prod.website-files.com/654e2d17ca02e3904b4df6c0/6633b0a572941bbe90543ae7_65e36955b0108aa9f3c84c0f_Orcas%252BRetreat%252B1.webp,https://cdn.prod.website-files.com/654e2d17ca02e3904b4df6c0/6633b0a572941bbe90543ae7_65e36955b0108aa9f3c84c0f_Orcas%252BRetreat%252B1.webp; https://cdn.prod.website-files.com/654e2d17ca02e3904b4df6c0/6633b0a572941bbe90543aee_65e369588aa7b3b27a44160e_Orcas%252BRetreat%252B2.webp; https://cdn.prod.website-files.com/654e2d17ca02e3904b4df6c0/6633b0a572941bbe90543af8_65e36958e8a0291ec92c8b6f_Orcas%252BRetreat%252B3.webp; https://cdn.prod.website-files.com/654e2d17ca02e3904b4df6c0/6633b0a572941bbe90543af4_65e36958e2fa2f8ee53c3bdd_Orcas%252BRetreat%252B4.webp; https://cdn.prod.website-files.com/654e2d17ca02e3904b4df6c0/6633b0a572941bbe90543af1_65e36958140209a7c2d3b7e7_Orcas%252BRetreat%252B5.webp,,Custom,false,false,NA - Custom,Washington,Completed,,,,
Pacific Palisades Custom Designed by sagemodern,pacific-palisades-custom,6633afedae74e628fc981431,654e2d17ca02e3904b4df6bf,6633b0a0b97a2c6e29ae7388,false,false,Thu May 02 2024 15:26:24 GMT+0000 (Coordinated Universal Time),Mon Mar 09 2026 18:33:19 GMT+0000 (Coordinated Universal Time),Mon Mar 09 2026 19:42:43 GMT+0000 (Coordinated Universal Time),Pacific Palisades Custom,Custom development project in the Pacific Palisades by Sage Modern,31,sagemodern,,,,"Pacific Palisades, CA",https://cdn.prod.website-files.com/654e2d17ca02e3904b4df6c0/69aa073230256fb2f95c17e3_olympic-valley-sage-living-room.jpg,https://cdn.prod.website-files.com/654e2d17ca02e3904b4df6c0/69aa093708418142919ce505_sage-olympic-valley-snowy-home.jpg; https://cdn.prod.website-files.com/654e2d17ca02e3904b4df6c0/6633b0a0b97a2c6e29ae72ff_65e356d6e2fa2f8ee5336f8b_170-Smiley-Ct-Olympic-Valley-print-004-20-Living-Room-2804x4200-300dpi.webp; https://cdn.prod.website-files.com/654e2d17ca02e3904b4df6c0/6633b0a0b97a2c6e29ae7307_65e356d61509e490856281ef_170-Smiley-Ct-Olympic-Valley-print-010-12-Dining-Room-4200x2800-300dpi.webp; https://cdn.prod.website-files.com/654e2d17ca02e3904b4df6c0/6633b0a0b97a2c6e29ae72e0_65e356d6da09c9dc62c92950_170-Smiley-Ct-Olympic-Valley-print-011-16-Dining-Room-4200x2800-300dpi.webp; https://cdn.prod.website-files.com/654e2d17ca02e3904b4df6c0/6633b0a0b97a2c6e29ae72e6_65e356d6342fae21f39679ed_170-Smiley-Ct-Olympic-Valley-print-020-23-Bathroom-4200x2800-300dpi.webp; https://cdn.prod.website-files.com/654e2d17ca02e3904b4df6c0/6633b0a0b97a2c6e29ae72f5_65e356d62f703e1765d902ec_170-Smiley-Ct-Olympic-Valley-print-018-31-Bathroom-4200x2800-300dpi.webp; https://cdn.prod.website-files.com/654e2d17ca02e3904b4df6c0/6633b0a0b97a2c6e29ae7303_65e356d6c91cdddacc9147f8_170-Smiley-Ct-Olympic-Valley-print-012-21-Patio-Hot-Tub-4200x2800-300dpi.webp,,Custom,false,false,NA - Custom,California,Completed,,,,
Palisades Tahoe Custom Designed by sagemodern,palisades-tahoe-custom,6633afedae74e628fc981431,654e2d17ca02e3904b4df6bf,6633b0a31426fe1f08cab7bf,false,false,Thu May 02 2024 15:26:27 GMT+0000 (Coordinated Universal Time),Mon Mar 09 2026 18:35:47 GMT+0000 (Coordinated Universal Time),Mon Mar 09 2026 19:42:43 GMT+0000 (Coordinated Universal Time),Palisades Tahoe Custom,"First two duplex units of a 30 home project in Palisades Tahoe, CA.",36,sagemodern,,,,"Squaw Valley, CA",https://cdn.prod.website-files.com/654e2d17ca02e3904b4df6c0/6633b0a31426fe1f08cab79d_65e35dc0b726d93dd00994d5_palisadesSq_1.webp,https://cdn.prod.website-files.com/654e2d17ca02e3904b4df6c0/6633b0a31426fe1f08cab798_65e35dc240c1d7ac69aaa36e_palisadesSq_3.webp; https://cdn.prod.website-files.com/654e2d17ca02e3904b4df6c0/6633b0a31426fe1f08cab7b5_65e35dc2eb400de6d4c47b88_palisadesSq_4.webp; https://cdn.prod.website-files.com/654e2d17ca02e3904b4df6c0/6633b0a31426fe1f08cab7a4_65e35dc2a488ffef9affe552_palisadesSq-2.webp; https://cdn.prod.website-files.com/654e2d17ca02e3904b4df6c0/6633b0a31426fe1f08cab79d_65e35dc0b726d93dd00994d5_palisadesSq_1.webp; https://cdn.prod.website-files.com/654e2d17ca02e3904b4df6c0/6633b0a31426fe1f08cab7af_65e35dc240c1d7ac69aaa366_palisadesSq_5.webp,,Custom,false,false,NA - Custom,California,Completed,,,,
"Peninsula Custom Designed by Studio S Squared Architecture, Inc.",peninsula-custom-by-studio-s2,6633afedae74e628fc981431,654e2d17ca02e3904b4df6bf,6633b09f3d82264ea85a23ce,false,false,Thu May 02 2024 15:26:23 GMT+0000 (Coordinated Universal Time),Thu Mar 20 2025 23:26:29 GMT+0000 (Coordinated Universal Time),Fri May 16 2025 19:47:09 GMT+0000 (Coordinated Universal Time),Peninsula Custom,"Complex custom construction featuring large site built vaulted great room, built-ins and wood ceilings and accent walls throughout and large glazing sections.",3,"Studio S Squared Architecture, Inc.",Damir Hurdich Design,,"Studio S Squared Architecture, Inc.","Los Altos Hills, CA.",https://cdn.prod.website-files.com/654e2d17ca02e3904b4df6c0/6633b09e3d82264ea85a2369_65e4c2642742f182a71058f9_Peninsula%2520custom.webp,https://cdn.prod.website-files.com/654e2d17ca02e3904b4df6c0/6633b09e3d82264ea85a237b_654e96d99565515f5ef60b20_Peninsula%2520Custom%25202.jpeg; https://cdn.prod.website-files.com/654e2d17ca02e3904b4df6c0/6633b09e3d82264ea85a2377_654e96a4bf6bcf2d77fc5c1c_Peninsula%2520Custom%2520Feature%2520Image%2520w%253A%2520Pool.jpeg; https://cdn.prod.website-files.com/654e2d17ca02e3904b4df6c0/6633b09e3d82264ea85a2370_654e96d9d98914a4668b183f_Peninsula%2520Custom%25203.jpeg; https://cdn.prod.website-files.com/654e2d17ca02e3904b4df6c0/6633b09e3d82264ea85a2393_654e96d90527d70fc8b7662e_Peninsula%2520Custom%25204.jpeg; https://cdn.prod.website-files.com/654e2d17ca02e3904b4df6c0/6633b09e3d82264ea85a2373_655276acacb7356f96fe68a4_bathroom.jpeg,,Custom,true,true,,California,Completed,,,,
Portola Custom Designed by Grouparchitect,portola-custom,6633afedae74e628fc981431,654e2d17ca02e3904b4df6bf,6633b0a41bf2037655540a81,false,false,Thu May 02 2024 15:26:28 GMT+0000 (Coordinated Universal Time),Mon Mar 09 2026 18:27:16 GMT+0000 (Coordinated Universal Time),Mon Mar 09 2026 19:42:43 GMT+0000 (Coordinated Universal Time),Portola Custom,"First 3 model homes in 25 home development, each home will have Method developed custom finish package on display. Homes showcase mountain resort living",24,Grouparchitect,,,,"Portola, CA",https://cdn.prod.website-files.com/654e2d17ca02e3904b4df6c0/6633b0a41bf2037655540a64_65e363567fcdcd2ca578652f_Ascend-at-Nakoma-1.webp,https://cdn.prod.website-files.com/654e2d17ca02e3904b4df6c0/6633b0a41bf2037655540a64_65e363567fcdcd2ca578652f_Ascend-at-Nakoma-1.webp; https://cdn.prod.website-files.com/654e2d17ca02e3904b4df6c0/6633b0a41bf2037655540a6f_65e36359da09c9dc62cf11e4_Ascend-at-Nakoma-2.webp; https://cdn.prod.website-files.com/654e2d17ca02e3904b4df6c0/6633b0a41bf2037655540a5f_65e363596be84443abb72035_nakoma2.webp; https://cdn.prod.website-files.com/654e2d17ca02e3904b4df6c0/6633b0a41bf2037655540a6b_65e3635911db9df4ad4cbe3a_nakoma3.webp,,Custom,false,false,NA - Custom,California,Completed,,,,
Portola Valley Custom Designed by sagemodern,portola-valley-custom,6633afedae74e628fc981431,654e2d17ca02e3904b4df6bf,6633b0a61bf2037655540b82,false,false,Thu May 02 2024 15:26:30 GMT+0000 (Coordinated Universal Time),Tue Aug 04 2026 20:16:12 GMT+0000 (Coordinated Universal Time),Tue Aug 04 2026 20:35:50 GMT+0000 (Coordinated Universal Time),Portola Valley,Primary residence that integrates into the natural landscape and features indoor outdoor living spaces.,12,sagemodern,,,,"Portola Valley, CA",https://cdn.prod.website-files.com/654e2d17ca02e3904b4df6c0/6a72476e3c71e2882634fad4_sagemodern-portola-valley.webp,https://cdn.prod.website-files.com/654e2d17ca02e3904b4df6c0/6633b0a51bf2037655540b3a_65e36a18d436149bffb5c5f6_Portola%252BValley%252B2.webp; https://cdn.prod.website-files.com/654e2d17ca02e3904b4df6c0/6633b0a51bf2037655540b2a_65e36a18b448ad3c53dbb40a_Portola%252BValley%252B3.webp; https://cdn.prod.website-files.com/654e2d17ca02e3904b4df6c0/6633b0a51bf2037655540b56_65e36a184e1432ab3830720f_Portola%252BValley%252B4.webp; https://cdn.prod.website-files.com/654e2d17ca02e3904b4df6c0/6633b0a51bf2037655540b59_65e36a188a0177cfc7d84866_Portola%252BValley%252B5.webp,,Custom,false,false,NA - Custom,California,Completed,,,,
SV Residence Designed by Method Architecture,sv-residence-custom,6633afedae74e628fc981431,654e2d17ca02e3904b4df6bf,6633b0a6f0de95f2519e986e,false,false,Thu May 02 2024 15:26:30 GMT+0000 (Coordinated Universal Time),Mon Mar 09 2026 18:19:05 GMT+0000 (Coordinated Universal Time),Mon Mar 09 2026 19:42:43 GMT+0000 (Coordinated Universal Time),SV Residence,"A bespoke home that embraces the mountain and river views from the rooftop deck, while also providing privacy on the main level patio areas.",10,Method Architecture,,,,"Ketchum, ID",https://cdn.prod.website-files.com/654e2d17ca02e3904b4df6c0/6993ab6e009eda1a0ae57505_SV%20Residence%20%20less%20red%20for%20WEB.png,https://cdn.prod.website-files.com/654e2d17ca02e3904b4df6c0/66d91e89e3f30632f483b5e8_66d88528c9cf85fd3ef5e68f_WSR%2520Residence%2520(15)%2520(1).jpeg; https://cdn.prod.website-files.com/654e2d17ca02e3904b4df6c0/66d91e89e3f30632f483b5e2_66d8858cc9b743ed772f07d1_WSR%2520Residence%2520(4).jpeg; https://cdn.prod.website-files.com/654e2d17ca02e3904b4df6c0/66d91e89e3f30632f483b5cd_66d889e5ce017829398f2906_WSR%2520Residence%2520(14).jpeg; https://cdn.prod.website-files.com/654e2d17ca02e3904b4df6c0/66d91e89e3f30632f483b5d6_66d885f036f0061744b93eb3_WSR%2520Residence%2520(6)%2520(1).jpeg; https://cdn.prod.website-files.com/654e2d17ca02e3904b4df6c0/66d91e89e3f30632f483b5dc_66d889687c5da555c34cce2e_WSR%2520Residence%2520(11).jpeg; https://cdn.prod.website-files.com/654e2d17ca02e3904b4df6c0/66d91e89e3f30632f483b5d9_66d8bffcec6488becdc5aefb_WSR%2520Residence%2520(8).jpeg; https://cdn.prod.website-files.com/654e2d17ca02e3904b4df6c0/66d91e89e3f30632f483b5c3_66d8864535b865452fc60152_WSR%2520Residence%2520(12).jpeg,,Custom,false,false,NA - Custom,Idaho,In Progress,,,,
San Juan Custom Designed by Method Architecture,san-juan-custom,6633afedae74e628fc981431,654e2d17ca02e3904b4df6bf,6633b0a43fe691c9af551e57,false,false,Thu May 02 2024 15:26:28 GMT+0000 (Coordinated Universal Time),Mon Mar 09 2026 18:37:22 GMT+0000 (Coordinated Universal Time),Mon Mar 09 2026 19:42:43 GMT+0000 (Coordinated Universal Time),San Juan,This custom home embraces the surrounding fields and pond creating a natural gathering space both inside and outside on the expansive decks.,41,Method Architecture,,,,"San Juan, WA",https://cdn.prod.website-files.com/654e2d17ca02e3904b4df6c0/6633b0a33fe691c9af551d86_65e3684f8a0177cfc7d77aab_San%252BJuan%252BCustom%252Bexterior%252B6.webp,https://cdn.prod.website-files.com/654e2d17ca02e3904b4df6c0/6633b0a33fe691c9af551d5d_65e3685589900dcab6bd9dd5_San%252BJuan%252BCustom%252Bexterior%252B7.webp; https://cdn.prod.website-files.com/654e2d17ca02e3904b4df6c0/6633b0a33fe691c9af551d9c_65e3685572b09b5817c356d1_San%252BJuan%252BCustom%252Bexterior%252B6%2520(1).webp; https://cdn.prod.website-files.com/654e2d17ca02e3904b4df6c0/6633b0a33fe691c9af551d63_65e3685567b227d8dfdf51ca_San%252BJuan%252BCustom%252Bexterior%252B5.webp; https://cdn.prod.website-files.com/654e2d17ca02e3904b4df6c0/6633b0a33fe691c9af551da0_65e368556be84443abb9716f_San%252BJuan%252BCustom%252Bexterior%252B2.webp; https://cdn.prod.website-files.com/654e2d17ca02e3904b4df6c0/6633b0a33fe691c9af551d99_65e36855b9e36bc163e1ad3b_San%252BJuan%252BCustom%252B-%252BExterior.webp; https://cdn.prod.website-files.com/654e2d17ca02e3904b4df6c0/6633b0a33fe691c9af551d6a_65e36855e2fa2f8ee53bc301_San%252BJuan%252BCustom%252B-%252Bmain%252Bstair.webp; https://cdn.prod.website-files.com/654e2d17ca02e3904b4df6c0/6633b0a33fe691c9af551d86_65e3684f8a0177cfc7d77aab_San%252BJuan%252BCustom%252Bexterior%252B6.webp; https://cdn.prod.website-files.com/654e2d17ca02e3904b4df6c0/6633b0a33fe691c9af551d79_65e3685525b0d4343d5a72e7_San%252BJuan%252BCustom%252Binside%252Blanding.webp; https://cdn.prod.website-files.com/654e2d17ca02e3904b4df6c0/6633b0a33fe691c9af551d76_65e3685572b09b5817c356c0_San%252BJuan%252BCustom%252Bkitchen%252Brange%252Btop%252Band%252Bhood.webp; https://cdn.prod.website-files.com/654e2d17ca02e3904b4df6c0/6633b0a33fe691c9af551d89_65e3685589900dcab6bd9dcd_San%252BJuan%252BCustom%252Blotcjem.webp; https://cdn.prod.website-files.com/654e2d17ca02e3904b4df6c0/6633b0a33fe691c9af551db1_65e368556be84443abb97166_San%252BJuan%252BCustom-exterior-3.webp; https://cdn.prod.website-files.com/654e2d17ca02e3904b4df6c0/6633b0a33fe691c9af551d90_65e36855b9e36bc163e1ad33_San%252BJuan%252BCustom%252Bexterior%252B10.webp; https://cdn.prod.website-files.com/654e2d17ca02e3904b4df6c0/6633b0a43fe691c9af551e02_65e36856b448ad3c53dac9e4_San%252BJuan%252BCustom%252Bexterior%252B8.webp; https://cdn.prod.website-files.com/654e2d17ca02e3904b4df6c0/6633b0a33fe691c9af551d66_65e3685549926d7d9d7f3928_San%252BJuan%252BCustom%252Bkitchen%252Bsink.webp; https://cdn.prod.website-files.com/654e2d17ca02e3904b4df6c0/6633b0a33fe691c9af551d73_65e36855af2d6efd26ab6d54_San%252BJuan%252BCustom%252Bmaster%252Bbathroom.webp; https://cdn.prod.website-files.com/654e2d17ca02e3904b4df6c0/6633b0a33fe691c9af551d70_65e36855d486d28f68f1be7d_San%252BJuan%252BCustom%252Bmaster%252Bbedroom.webp; https://cdn.prod.website-files.com/654e2d17ca02e3904b4df6c0/6633b0a33fe691c9af551d93_65e36855fce524f7b7f473d8_San%252BJuan%252BCustom-exterior-1.webp; https://cdn.prod.website-files.com/654e2d17ca02e3904b4df6c0/6633b0a33fe691c9af551d83_65e3685540c1d7ac69af9c2c_San%252BJuan%252BCustom%252Bexterior%252B9.webp; https://cdn.prod.website-files.com/654e2d17ca02e3904b4df6c0/6633b0a33fe691c9af551d80_65e3685507c381b94f940c76_San%252BJuan%252BCustom%252Bguest%252Bbathroom.webp,,Custom,false,false,NA - Custom,Washington,Completed,,,,
San Juan Island Custom Designed by Method Architecture,san-juan-island-custom,6633afedae74e628fc981431,654e2d17ca02e3904b4df6bf,6633b0a48a01eeba4c88214a,false,false,Thu May 02 2024 15:26:28 GMT+0000 (Coordinated Universal Time),Mon Mar 09 2026 18:25:23 GMT+0000 (Coordinated Universal Time),Mon Mar 09 2026 19:42:43 GMT+0000 (Coordinated Universal Time),San Juan Island,"A multi story home that steps up the hillside, net zero energy ready with enhanced insulation, and a focus on sustainability",22,Method Architecture,,,,"San Juan, WA",https://cdn.prod.website-files.com/654e2d17ca02e3904b4df6c0/6633b0a48a01eeba4c8820de_65e3601ea7e652925576bd42_San%252BJuan%252BIsland%252BCustom%252BPrefabricated%252Bhome%252Bby%252BMethod%252BHomes%252B-%252Boutside%252Bat%252Bsunsest.webp,https://cdn.prod.website-files.com/654e2d17ca02e3904b4df6c0/6633b0a48a01eeba4c8820d4_65e360223d86418646a28f43_Custom%252BPrefabricated%252Bhome%252Bby%252BMethod%252BHomes%252B-%252Bcoffee%252Bbar.webp; https://cdn.prod.website-files.com/654e2d17ca02e3904b4df6c0/6633b0a48a01eeba4c8820ed_65e36022af2d6efd26a7bc69_Custom%252BPrefabricated%252Bhome%252Bby%252BMethod%252BHomes%252B-%252B%252Binterior%252Bnear%252Bcoffee%252Bbar.webp; https://cdn.prod.website-files.com/654e2d17ca02e3904b4df6c0/6633b0a48a01eeba4c8820e7_65e360222be22acc234b3ea0_Custom%252BPrefabricated%252Bhome%252Bby%252BMethod%252BHomes%252B-%252B%252Bdining%252Broom.webp; https://cdn.prod.website-files.com/654e2d17ca02e3904b4df6c0/6633b0a48a01eeba4c8820de_65e3601ea7e652925576bd42_San%252BJuan%252BIsland%252BCustom%252BPrefabricated%252Bhome%252Bby%252BMethod%252BHomes%252B-%252Boutside%252Bat%252Bsunsest.webp; https://cdn.prod.website-files.com/654e2d17ca02e3904b4df6c0/6633b0a48a01eeba4c8820fa_65e36022e6faceda6074e13c_IMG_2207%252B(1).webp; https://cdn.prod.website-files.com/654e2d17ca02e3904b4df6c0/6633b0a48a01eeba4c8820ff_65e3602251f6693a3a30ce0f_Custom%252BPrefabricated%252Bhome%252Bby%252BMethod%252BHomes%252B-%252Bfront%252Bentry%252Bdriveway.webp; https://cdn.prod.website-files.com/654e2d17ca02e3904b4df6c0/6633b0a48a01eeba4c8820d8_65e360222c3b5423444d9e2b_Custom%252BPrefabricated%252Bhome%252Bby%252BMethod%252BHomes%252B-%252Bdeck%252Bat%252Bsunset.webp; https://cdn.prod.website-files.com/654e2d17ca02e3904b4df6c0/6633b0a48a01eeba4c8820f7_65e36022c91cdddacc958337_Custom%252BPrefabricated%252Bhome%252Bby%252BMethod%252BHomes%252B-%252Bdining%252Broom%252Blooking%252Binto%252Bkitchen.webp; https://cdn.prod.website-files.com/654e2d17ca02e3904b4df6c0/6633b0a48a01eeba4c8820f1_65e360222f703e1765dd3d23_Custom%252BPrefabricated%252Bhome%252Bby%252BMethod%252BHomes%252B-%252Bkitchen.webp; https://cdn.prod.website-files.com/654e2d17ca02e3904b4df6c0/6633b0a48a01eeba4c882104_65e36022af2d6efd26a7bc6d_Custom%252BPrefabricated%252Bhome%252Bby%252BMethod%252BHomes%252B-%252Bkitchen%252Blooking%252Binto%252Bliving%252Broom.webp; https://cdn.prod.website-files.com/654e2d17ca02e3904b4df6c0/6633b0a48a01eeba4c8820f4_65e36022b0108aa9f3c3ff7e_Custom%252BPrefabricated%252Bhome%252Bby%252BMethod%252BHomes%252B-%252Bmaster%252Bbathroom.webp,,Custom,false,false,NA - Custom,Washington,Completed,,,,
Santa Rosa Custom by tobylongdesign,santa-rosa-custom-by-tobylongdesign,6633afedae74e628fc981431,654e2d17ca02e3904b4df6bf,69a9fff719eaa1ec2f9f2b79,false,false,Thu Mar 05 2026 22:13:11 GMT+0000 (Coordinated Universal Time),Mon May 18 2026 21:11:52 GMT+0000 (Coordinated Universal Time),Mon May 18 2026 21:11:52 GMT+0000 (Coordinated Universal Time),Santa Rosa Custom ,"A home rebuilt after a fire with a dynamic exterior, bright interior, and art displayed everywhere.",14,Clever Homes presented by tobylongdesign,,,,"Santa Rosa, CA",https://cdn.prod.website-files.com/654e2d17ca02e3904b4df6c0/69a9ff67638a6d73990a9a06_santa-rosa-custom-twighlight.webp,https://cdn.prod.website-files.com/654e2d17ca02e3904b4df6c0/69a9ff7ef84bfae42670b5b2_santa-rosa-aerial-home.webp; https://cdn.prod.website-files.com/654e2d17ca02e3904b4df6c0/69a9ffc83a94aa30e185a57e_santa-rosa-front-door.webp; https://cdn.prod.website-files.com/654e2d17ca02e3904b4df6c0/69a9ff7c0f3540cc7a7047cc_santa-rosa-deck-patio.webp; https://cdn.prod.website-files.com/654e2d17ca02e3904b4df6c0/69a9ff7c32009ee11546448a_santa-rosa-custom-gallery-walls.webp; https://cdn.prod.website-files.com/654e2d17ca02e3904b4df6c0/69a9ff7c474b0846bb807fe7_santa-rosa-custom-kitchen.webp; https://cdn.prod.website-files.com/654e2d17ca02e3904b4df6c0/69a9ff7dde6f557b93edc832_santa-rosa-living-room-ceiling.webp; https://cdn.prod.website-files.com/654e2d17ca02e3904b4df6c0/69a9ffa132009ee1154648b6_santa-rosa-interior-kitchen-wide.webp; https://cdn.prod.website-files.com/654e2d17ca02e3904b4df6c0/69a9ff7faaddf51dfe77cb8b_santa-rosaa-lounge-chairs-sculptures.webp,,Custom,false,false,,California,Completed,,,,
Snowflake Lodge by grouparchitect with Dowbuilt,snowflake-lodge-by-grouparchitect-with-dowbuilt,6633afedae74e628fc981431,654e2d17ca02e3904b4df6bf,69b08bf86a60223231d3d828,false,false,Tue Mar 10 2026 21:24:08 GMT+0000 (Coordinated Universal Time),Tue Mar 10 2026 21:24:35 GMT+0000 (Coordinated Universal Time),Tue Mar 10 2026 22:46:24 GMT+0000 (Coordinated Universal Time),Snowflake Lodge,A ski-in ski-out remote lodge with stunning views of Crystal Mountain.,15.1,Grouparchitect,,Dowbuilt,,"Crystal Mountain, WA",https://cdn.prod.website-files.com/654e2d17ca02e3904b4df6c0/69b08b7cd4252ca810c99485_snowflake-lodge-durability.png,https://cdn.prod.website-files.com/654e2d17ca02e3904b4df6c0/6994bec54fb41c0b026b4c0a_snowflake-lodge-wide-exterior.png; https://cdn.prod.website-files.com/654e2d17ca02e3904b4df6c0/6994bcb8051070d1ccfac8a3_SNOWFLAKE_MS0520-MSTEARNS1100PX.jpg; https://cdn.prod.website-files.com/654e2d17ca02e3904b4df6c0/6994bd918295d649693f82ae_snowflake-lodge-interior.png; https://cdn.prod.website-files.com/654e2d17ca02e3904b4df6c0/6994be7d473bdd275ddcac49_SNOWFLAKE_MS93407-MSTEARNS1100PX.jpg,,Commercial,false,false,,Washington,Completed,,,,
Sun Valley Custom Designed by Grouparchitect,sun-valley-custom,6633afedae74e628fc981431,654e2d17ca02e3904b4df6bf,6633b0a31eb8f3887e278c29,false,false,Thu May 02 2024 15:26:27 GMT+0000 (Coordinated Universal Time),Mon Mar 09 2026 18:36:02 GMT+0000 (Coordinated Universal Time),Mon Mar 09 2026 19:42:43 GMT+0000 (Coordinated Universal Time),Sun Valley,"In fill lot in Ketchum Idaho walking distance to Sun Valley Ski Resort with hydronic radiant heat, added cold climate insulation package including triple glazed windows.",37,Grouparchitect,,,,"Sun Valley, ID",https://cdn.prod.website-files.com/654e2d17ca02e3904b4df6c0/6633b0a31eb8f3887e278bfa_65e361ee9dfb1e57e7a5e7ff_1625-Exterior2-1%2520(1).webp,https://cdn.prod.website-files.com/654e2d17ca02e3904b4df6c0/6633b0a31eb8f3887e278bf4_65e361f272b09b5817c02433_1625-Exterior_Panels-1.webp; https://cdn.prod.website-files.com/654e2d17ca02e3904b4df6c0/6633b0a31eb8f3887e278bfa_65e361ee9dfb1e57e7a5e7ff_1625-Exterior2-1%2520(1).webp; https://cdn.prod.website-files.com/654e2d17ca02e3904b4df6c0/6633b0a31eb8f3887e278c02_65e361f28a0177cfc7d4878d_1625-Exterior3-1.webp; https://cdn.prod.website-files.com/654e2d17ca02e3904b4df6c0/6633b0a31eb8f3887e278c05_65e361f20caabe7e98bbb9b3_sun_valley_custom_1.webp; https://cdn.prod.website-files.com/654e2d17ca02e3904b4df6c0/6633b0a31eb8f3887e278c09_65e361f2c91cdddacc9657fe_sunvalley3.webp,,Custom,false,false,NA - Custom,Idaho,Completed,,,,
Tahoe Custom Designed by sagemodern,tahoe-custom,6633afedae74e628fc981431,654e2d17ca02e3904b4df6bf,6633b0a345e7e47e1aa211fc,false,false,Thu May 02 2024 15:26:27 GMT+0000 (Coordinated Universal Time),Mon Mar 09 2026 18:19:38 GMT+0000 (Coordinated Universal Time),Mon Mar 09 2026 19:42:43 GMT+0000 (Coordinated Universal Time),Tahoe Custom,A mountain modern home that leans toward the modern aesthetic provides clearly defined lines and ample living space with natural light throughout.,10,sagemodern,,,,"Tahoe, CA",https://cdn.prod.website-files.com/654e2d17ca02e3904b4df6c0/6633b0a345e7e47e1aa211c0_65e35d3f8aa7b3b27a3e7dd4_tahoe.webp,https://cdn.prod.website-files.com/654e2d17ca02e3904b4df6c0/6633b0a245e7e47e1aa211ab_65e35d4440c1d7ac69aa6d86_tahoe8.webp; https://cdn.prod.website-files.com/654e2d17ca02e3904b4df6c0/6633b0a345e7e47e1aa211b7_65e35d44008b7ba278a34461_tahoe9.webp; https://cdn.prod.website-files.com/654e2d17ca02e3904b4df6c0/6633b0a345e7e47e1aa211c0_65e35d3f8aa7b3b27a3e7dd4_tahoe.webp; https://cdn.prod.website-files.com/654e2d17ca02e3904b4df6c0/6633b0a345e7e47e1aa211d1_65e35d442f703e1765dbfece_tahoe2.webp; https://cdn.prod.website-files.com/654e2d17ca02e3904b4df6c0/6633b0a345e7e47e1aa211dd_65e35d448aa7b3b27a3e8202_tahoe10.webp; https://cdn.prod.website-files.com/654e2d17ca02e3904b4df6c0/6633b0a345e7e47e1aa211c7_65e35d4489900dcab6b80f20_tahoe3.webp; https://cdn.prod.website-files.com/654e2d17ca02e3904b4df6c0/6633b0a345e7e47e1aa211b4_65e35d44b726d93dd00961d8_tahoe4.webp; https://cdn.prod.website-files.com/654e2d17ca02e3904b4df6c0/6633b0a345e7e47e1aa211cd_65e35d442e39102571f415d8_tahoe5.webp; https://cdn.prod.website-files.com/654e2d17ca02e3904b4df6c0/6633b0a345e7e47e1aa211bd_65e35d442322be12b7fd78a3_tahoe6.webp; https://cdn.prod.website-files.com/654e2d17ca02e3904b4df6c0/6633b0a245e7e47e1aa211af_65e35d44a39f65dced147ce6_tahoe7.webp,,Custom,false,false,NA - Custom,California,Completed,,,,
Truckee Custom  Designed by sagemodern,truckee-custom,6633afedae74e628fc981431,654e2d17ca02e3904b4df6bf,6633b09f22216e428451d0fb,false,false,Thu May 02 2024 15:26:23 GMT+0000 (Coordinated Universal Time),Wed Apr 15 2026 23:11:16 GMT+0000 (Coordinated Universal Time),Thu Apr 16 2026 23:34:32 GMT+0000 (Coordinated Universal Time),Truckee Custom,"Mountain Modern home with a dramatic cantilever and a strong indoor outdoor connection. This home embraces clean lines, modern finishes, and expansive views from the surrounding forest.",2,sagemodern,,,Hills and Grant ,"Truckee, CA",https://cdn.prod.website-files.com/654e2d17ca02e3904b4df6c0/6633b09e22216e428451d008_6564e2e3ccb8951116bc647d_truckee%2520feature%2520img.webp,https://cdn.prod.website-files.com/654e2d17ca02e3904b4df6c0/6633b09e22216e428451cfff_6564e4359a3bb24ca43c256b_MartisCamp_Sept13_5745_Final.webp; https://cdn.prod.website-files.com/654e2d17ca02e3904b4df6c0/6633b09e22216e428451d00f_6564e43542751e8d92a001a5_MartisCamp_Sept13_5754_Final.webp; https://cdn.prod.website-files.com/654e2d17ca02e3904b4df6c0/6633b09f22216e428451d060_6564e435bb67965013e2fc00_MartisCamp_Sept13_5761_Final.webp; https://cdn.prod.website-files.com/654e2d17ca02e3904b4df6c0/6633b09e22216e428451d023_6564e4366e6db19441135cfd_MartisCamp_Sept13_5655_Final.webp; https://cdn.prod.website-files.com/654e2d17ca02e3904b4df6c0/6633b09e22216e428451d015_6564e436ccb8951116bd346b_MartisCamp_Sept13_5527_Final.webp; https://cdn.prod.website-files.com/654e2d17ca02e3904b4df6c0/6633b09e22216e428451d027_6564e436a2694f4612b88d6e_MartisCamp_Sept13_5643_Final.webp; https://cdn.prod.website-files.com/654e2d17ca02e3904b4df6c0/6633b09e22216e428451cff9_6564e435e6b5bebedbaf3d77_MartisCamp_Sept13_5664_Final.webp; https://cdn.prod.website-files.com/654e2d17ca02e3904b4df6c0/6633b09f22216e428451d046_6564e43a4eb998348433259e_MartisCamp_Sept13_5197_Final.webp; https://cdn.prod.website-files.com/654e2d17ca02e3904b4df6c0/6633b09f22216e428451d056_6564e43a4f64a387443e4bac_MartisCamp_Sept13_5268_Final.webp; https://cdn.prod.website-files.com/654e2d17ca02e3904b4df6c0/6633b09f22216e428451d053_6564e4362506bf696ee3c134_MartisCamp_Sept13_5712_Final.webp; https://cdn.prod.website-files.com/654e2d17ca02e3904b4df6c0/6633b09e22216e428451d00c_6564e437ab73e1b15be3daab_MartisCamp_Sept13_5291_Final.webp; https://cdn.prod.website-files.com/654e2d17ca02e3904b4df6c0/6633b09f22216e428451d084_6564e4379a72cd418011af46_MartisCamp_Sept13_5322_Final.webp; https://cdn.prod.website-files.com/654e2d17ca02e3904b4df6c0/6633b09e22216e428451d01f_6564e43a42751e8d92a002f7_MartisCamp_Sept13_5354_Final.webp; https://cdn.prod.website-files.com/654e2d17ca02e3904b4df6c0/6633b09e22216e428451d012_6564e43aa70bd6969d965c9b_MartisCamp_Sept13_5368_Final.webp; https://cdn.prod.website-files.com/654e2d17ca02e3904b4df6c0/6633b09f22216e428451d040_6564e43ac5fbf3ade72ecc40_MartisCamp_Sept13_5376_Final.webp; https://cdn.prod.website-files.com/654e2d17ca02e3904b4df6c0/6633b09f22216e428451d043_6564e437cad03c5fc24ad759_MartisCamp_Sept13_5405_Final.webp; https://cdn.prod.website-files.com/654e2d17ca02e3904b4df6c0/6633b09f22216e428451d031_6564e437d4edab49c5d81d43_MartisCamp_Sept13_5474_Final.webp; https://cdn.prod.website-files.com/654e2d17ca02e3904b4df6c0/6633b09f22216e428451d059_6564e437d2b9ab4d6bbda7da_MartisCamp_Sept13_5493_Final.webp; https://cdn.prod.website-files.com/654e2d17ca02e3904b4df6c0/6633b09f22216e428451d05d_6564e437a2694f4612b88dc3_MartisCamp_Sept13_5504_Final.webp; https://cdn.prod.website-files.com/654e2d17ca02e3904b4df6c0/6633b09e22216e428451d02a_6564e4361da44ffd712d9087_MartisCamp_Sept13_5547_Final_Talent.webp; https://cdn.prod.website-files.com/654e2d17ca02e3904b4df6c0/6633b09f22216e428451d03b_6564e4366badc9b36f54dfd4_MartisCamp_Sept13_5547_Final.webp; https://cdn.prod.website-files.com/654e2d17ca02e3904b4df6c0/6633b09f22216e428451d099_6564e436c178c49f0baa945d_MartisCamp_Sept13_5575_Final.webp; https://cdn.prod.website-files.com/654e2d17ca02e3904b4df6c0/6633b09f22216e428451d034_6564e435d1f27ce9f805b2dc_MartisCamp_Sept13_5716_Final.webp; https://cdn.prod.website-files.com/654e2d17ca02e3904b4df6c0/6633b09e22216e428451d018_6564e435bdd221479f5cb35a_MartisCamp_Sept13_5723_Final.webp; https://cdn.prod.website-files.com/654e2d17ca02e3904b4df6c0/6633b09f22216e428451d063_6564e435e298b376704200df_MartisCamp_Sept13_5729_Final.webp,,Custom,false,false,,California,Completed,,,,
Truckee Custom Designed by Clever Homes presented by tobylongdesign,truckee-custom-by-clever-homes,6633afedae74e628fc981431,654e2d17ca02e3904b4df6bf,6633b0a38e8cce0ba76a5086,false,false,Thu May 02 2024 15:26:27 GMT+0000 (Coordinated Universal Time),Mon Mar 09 2026 18:23:57 GMT+0000 (Coordinated Universal Time),Mon Mar 09 2026 19:42:43 GMT+0000 (Coordinated Universal Time),Truckee Custom,"Nestled amidst the stunning Sierra Nevada, this modern masterpiece offers the perfect haven for unforgettable family gatherings. With 7 bedrooms and 6.5 baths, this spacious home has it all.",19,Clever Homes presented by tobylongdesign,,,,"Truckee, CA",https://cdn.prod.website-files.com/654e2d17ca02e3904b4df6c0/6633b0a38e8cce0ba76a502b_65e3645e67b227d8dfdd8521_65e35f4122809c85fb5176a7_094MartisCamp23%2520copy.webp,https://cdn.prod.website-files.com/654e2d17ca02e3904b4df6c0/6633b0a38e8cce0ba76a502b_65e3645e67b227d8dfdd8521_65e35f4122809c85fb5176a7_094MartisCamp23%2520copy.webp; https://cdn.prod.website-files.com/654e2d17ca02e3904b4df6c0/6633b0a38e8cce0ba76a5036_65e35f44f03910a587e4cbe5_094MartisCamp06.webp; https://cdn.prod.website-files.com/654e2d17ca02e3904b4df6c0/6633b0a38e8cce0ba76a5026_65e35f448aa7b3b27a3f4b9a_094MartisCamp11.webp; https://cdn.prod.website-files.com/654e2d17ca02e3904b4df6c0/6633b0a38e8cce0ba76a503e_65e35f44683fe19430f1c8c5_094MartisCamp19.webp; https://cdn.prod.website-files.com/654e2d17ca02e3904b4df6c0/6633b0a38e8cce0ba76a5042_65e35f446be84443abb4e1af_094MartisCamp25.webp; https://cdn.prod.website-files.com/654e2d17ca02e3904b4df6c0/6633b0a38e8cce0ba76a5032_65e35f44e2fa2f8ee5379803_094MartisCamp28.webp; https://cdn.prod.website-files.com/654e2d17ca02e3904b4df6c0/6633b0a38e8cce0ba76a503a_65e35f441509e49085662e1f_094MartisCamp33-1.webp,,Custom,false,false,NA - Custom,California,Completed,,,,
Vancouver Custom Designed by Chris Pardo Design Elemental Architecture,vancouver-custom,6633afedae74e628fc981431,654e2d17ca02e3904b4df6bf,6633b0a2c73292d1584d704e,false,true,Thu May 02 2024 15:26:26 GMT+0000 (Coordinated Universal Time),Wed May 07 2025 16:54:57 GMT+0000 (Coordinated Universal Time),,Vancouver Custom,This stunning property elevates everyday living with custom features that exude warmth and sophistication. Immerse yourself in elegance:Warmth redefined: Custom oak cabinetry throughout adds timeless beauty and ample storage.,76,Chris Pardo Design Elemental Architecture,,,,"Vancouver, BC",https://cdn.prod.website-files.com/654e2d17ca02e3904b4df6c0/6633b0a2c73292d1584d6fc0_65e35bd52322be12b7fca75d_vancouver_custom.webp,https://cdn.prod.website-files.com/654e2d17ca02e3904b4df6c0/6633b0a2c73292d1584d6fc0_65e35bd52322be12b7fca75d_vancouver_custom.webp; https://cdn.prod.website-files.com/654e2d17ca02e3904b4df6c0/6633b0a2c73292d1584d700a_65e35bd8a1790d37483d02aa_vancouver_custom2.webp; https://cdn.prod.website-files.com/654e2d17ca02e3904b4df6c0/6633b0a2c73292d1584d6fc6_65e35bd892a2687a5ed02fe5_vancouver2.webp; https://cdn.prod.website-files.com/654e2d17ca02e3904b4df6c0/6633b0a2c73292d1584d7002_65e35bd89c78c7ed6f9f6e2b_vancouver3.webp,,Custom,false,false,NA - Custom,British Columbia,Completed,,,,
"Venice Beach Custom Designed in Collaboration Between Scott Currie, Brian Ahlers, and Grouparchitect",venice-beach-custom,6633afedae74e628fc981431,654e2d17ca02e3904b4df6bf,6633b0a1b4e4ecf6a9f10f19,false,false,Thu May 02 2024 15:26:25 GMT+0000 (Coordinated Universal Time),Mon Mar 09 2026 18:34:31 GMT+0000 (Coordinated Universal Time),Mon Mar 09 2026 19:42:43 GMT+0000 (Coordinated Universal Time),Venice Beach,"This home, located in Venice Beach, is a custom two-story design focused on indoor/outdoor living space; an urban beach home with deep green custom features.",33,"Scott Currie, Brian Ahlers, and Grouparchitect",,,,"Venice Beach, CA",https://cdn.prod.website-files.com/654e2d17ca02e3904b4df6c0/6633b0a1b4e4ecf6a9f10ef2_65e359796be84443abb22efc_Venice_Nivo_1.webp,https://cdn.prod.website-files.com/654e2d17ca02e3904b4df6c0/6633b0a1b4e4ecf6a9f10ef2_65e359796be84443abb22efc_Venice_Nivo_1.webp; https://cdn.prod.website-files.com/654e2d17ca02e3904b4df6c0/6633b0a1b4e4ecf6a9f10ef6_65e3597caf2d6efd26a48b9b_Venice_Web_3.webp; https://cdn.prod.website-files.com/654e2d17ca02e3904b4df6c0/6633b0a1b4e4ecf6a9f10eeb_65e3597cc91cdddacc9270fb_Venice_Web_4.webp; https://cdn.prod.website-files.com/654e2d17ca02e3904b4df6c0/6633b0a1b4e4ecf6a9f10edf_65e3597c833e16c5d6fccd6b_Venice_Web_5.webp; https://cdn.prod.website-files.com/654e2d17ca02e3904b4df6c0/6633b0a1b4e4ecf6a9f10ee4_65e3597c49926d7d9d78502c_Venice_Web_7.webp; https://cdn.prod.website-files.com/654e2d17ca02e3904b4df6c0/6633b0a1b4e4ecf6a9f10eda_65e3597c2f703e1765da5ca9_venice_beach.webp; https://cdn.prod.website-files.com/654e2d17ca02e3904b4df6c0/6633b0a1b4e4ecf6a9f10ed6_65e3597bbba950cd25774c61_Venice_Web_8.webp,,Custom,false,false,NA - Custom,California,Completed,,,,
Vineyard Court Designed by Method Architecture,vineyard-court,6633afedae74e628fc981431,654e2d17ca02e3904b4df6bf,6633b0a822239fe61a1ffc35,false,false,Thu May 02 2024 15:26:32 GMT+0000 (Coordinated Universal Time),Mon Mar 09 2026 18:44:21 GMT+0000 (Coordinated Universal Time),Mon Mar 09 2026 19:42:43 GMT+0000 (Coordinated Universal Time),Vineyard Court,A community of homes wraps the central courtyard creating gathering space.  Each home is flooded with natural light providing a welcoming space for the ideal island life.,51,Method Architecture,,,,Whidbey WA,https://cdn.prod.website-files.com/654e2d17ca02e3904b4df6c0/6633b0a722239fe61a1ffbc0_65fef95eef634cea510e5f18_Vineyard%2520Court_%2520Page%2520003.webp,https://cdn.prod.website-files.com/654e2d17ca02e3904b4df6c0/6633b0a722239fe61a1ffbdb_65fef95ebc45147e219e5897_Vineyard%2520Court_%2520Page%2520007.webp; https://cdn.prod.website-files.com/654e2d17ca02e3904b4df6c0/6633b0a722239fe61a1ffbbb_65fef95e2989eb1e11fde7b3_Vineyard%2520Court_%2520Page%2520008.webp; https://cdn.prod.website-files.com/654e2d17ca02e3904b4df6c0/6633b0a722239fe61a1ffbc7_65fef95e510d91d4bbdfb58d_Vineyard%2520Court_%2520Page%2520001.webp; https://cdn.prod.website-files.com/654e2d17ca02e3904b4df6c0/6633b0a722239fe61a1ffbd4_65fef95ef0517f7d1deaa2f3_Vineyard%2520Court_%2520Page%2520002.webp; https://cdn.prod.website-files.com/654e2d17ca02e3904b4df6c0/6633b0a722239fe61a1ffbc0_65fef95eef634cea510e5f18_Vineyard%2520Court_%2520Page%2520003.webp; https://cdn.prod.website-files.com/654e2d17ca02e3904b4df6c0/6633b0a722239fe61a1ffbe7_65fef95e25f490896c7eeba8_Vineyard%2520Court_%2520Page%2520004.webp; https://cdn.prod.website-files.com/654e2d17ca02e3904b4df6c0/6633b0a722239fe61a1ffbce_65fef95e590d432567f0e33d_Vineyard%2520Court_%2520Page%2520005.webp; https://cdn.prod.website-files.com/654e2d17ca02e3904b4df6c0/6633b0a722239fe61a1ffbb7_65fef95ea8be02b905f4a095_Vineyard%2520Court_%2520Page%2520006.webp,,Custom,false,false,NA - Custom,Washington,In Progress,,,,
West End Wetlands Custom Designed by Method Architecture,west-end-wetlands-custom,6633afedae74e628fc981431,654e2d17ca02e3904b4df6bf,6633b0aeb45aaa800a296afd,false,false,Thu May 02 2024 15:26:38 GMT+0000 (Coordinated Universal Time),Tue May 05 2026 23:38:02 GMT+0000 (Coordinated Universal Time),Tue May 05 2026 23:43:51 GMT+0000 (Coordinated Universal Time),West End Wetlands Custom,"The home sets high above the Salish Sea, with decks that step gently down the hillside, a separate guest quarters and gym allows the main house to remain simple in form while embracing the dramatic views.",46,Method Architecture,,,,"Friday Harbor, WA",https://cdn.prod.website-files.com/654e2d17ca02e3904b4df6c0/69fa471d1cb1f3097d90eb08_west-end-wetland-cover.webp,https://cdn.prod.website-files.com/654e2d17ca02e3904b4df6c0/69fa473fcce946d30f7bed32_west-end-wetlands-landscaping.webp; https://cdn.prod.website-files.com/654e2d17ca02e3904b4df6c0/69fa473f3eef8539604a322f_west-end-wetlands-siding.webp,,Custom,false,false,NA - Custom,Washington,In Progress,,,,
White Rock I Custom Designed by Elemental Architecture,white-rock-i-custom,6633afedae74e628fc981431,654e2d17ca02e3904b4df6bf,6633b0a0bd55ef39c02fec4d,false,true,Thu May 02 2024 15:26:24 GMT+0000 (Coordinated Universal Time),Tue Mar 10 2026 21:25:10 GMT+0000 (Coordinated Universal Time),,White Rock I Custom,"A highly efficient contemporary LEED Platinum prefab located in the South Surrey region of British Columbia. This 3 bedroom, 4 bath home was inspired by modern urban communities found along California’s coast. This is the first home in the White Rock series collaboration with InHaus Development, Ltd.",27,Elemental Architecture,,,,"South Surrey, British Columbia",https://cdn.prod.website-files.com/654e2d17ca02e3904b4df6c0/6633b0a0bd55ef39c02fec06_65e32a4bf03910a587cc01c8_214.webp,https://cdn.prod.website-files.com/654e2d17ca02e3904b4df6c0/6633b0a0bd55ef39c02fec06_65e32a4bf03910a587cc01c8_214.webp; https://cdn.prod.website-files.com/654e2d17ca02e3904b4df6c0/6633b0a0bd55ef39c02febf7_65e32a50683fe19430d83231_20_mini.webp; https://cdn.prod.website-files.com/654e2d17ca02e3904b4df6c0/6633b0a0bd55ef39c02febe0_65e32a50d7c64851ec2fdc89_White_Rock_Front_Shot_mini.webp; https://cdn.prod.website-files.com/654e2d17ca02e3904b4df6c0/6633b0a0bd55ef39c02febdb_65e32a509f2df27e83fcebc0_18_mini.webp; https://cdn.prod.website-files.com/654e2d17ca02e3904b4df6c0/6633b0a0bd55ef39c02febe3_65e32a5011db9df4ad31d546_10_mini.webp; https://cdn.prod.website-files.com/654e2d17ca02e3904b4df6c0/6633b0a0bd55ef39c02febf2_65e32a506c7a7987750b0e4e_09_mini.webp; https://cdn.prod.website-files.com/654e2d17ca02e3904b4df6c0/6633b09fbd55ef39c02febaf_65e32a50b0108aa9f3aa8867_05_mini.webp; https://cdn.prod.website-files.com/654e2d17ca02e3904b4df6c0/6633b0a0bd55ef39c02febe8_65e32a504921cd417fb90277_04_mini.webp; https://cdn.prod.website-files.com/654e2d17ca02e3904b4df6c0/6633b0a0bd55ef39c02febeb_65e32a5006103486696bf34f_03_mini.webp,"<figure id="""" class=""w-richtext-figure-type-video w-richtext-align-center"" style=""padding-bottom:44.25%"" data-rt-type=""video"" data-rt-align=""center"" data-rt-max-width="""" data-rt-max-height=""44.25%"" data-rt-dimensions=""640:472"" data-page-url=""https://vimeo.com/32249908""><div id=""""><iframe src=""https://player.vimeo.com/video/32249908"" scrolling=""no"" frameborder=""0"" allowfullscreen=""true""></iframe></div></figure><ul id=""""><li id=""""><strong id="""">Features</strong></li><li id="""">LEED Platinum Certified</li><li id="""">Energy usage monitoring</li><li id="""">Rainwater harvesting</li><li id="""">Dual pane low-E fiberglass windows</li><li id="""">Infloor hydronic radiant heat</li><li id="""">FSC-certified Wenge cabinetry</li><li id="""">Air-to-water heat exchange system</li><li id="""">Custom open bamboo staircase</li><li id="""">Roof deck</li><li id="""">Aluminum panel and cedar siding</li><li id="""">Heat pump for domestic and hydronic hot water</li></ul>",Custom,false,false,NA - Custom,British Columbia,Completed,,,,
White Rock II Custom Designed by Elemental Architecture,white-rock-ii-custom,6633afedae74e628fc981431,654e2d17ca02e3904b4df6bf,6633b09fb3c4a476e8329e27,false,true,Thu May 02 2024 15:26:23 GMT+0000 (Coordinated Universal Time),Tue Mar 10 2026 21:25:04 GMT+0000 (Coordinated Universal Time),,White Rock II,"A highly efficient contemporary LEED Platinum prefab located in the South Surrey region of British Columbia. This 3 bedroom, 4 bath home design was inspired by modern urban homes found along California coastal communities. This is the second home in the White Rock collaboration with InHaus Development, Ltd.",28,Elemental Architecture,,,,"South Surrey, BC",https://cdn.prod.website-files.com/654e2d17ca02e3904b4df6c0/6633b09fb3c4a476e8329e00_65e32825f03910a587caf9a4_155.webp,https://cdn.prod.website-files.com/654e2d17ca02e3904b4df6c0/6633b09fb3c4a476e8329e00_65e32825f03910a587caf9a4_155.webp; https://cdn.prod.website-files.com/654e2d17ca02e3904b4df6c0/6633b09fb3c4a476e8329dfa_65e3282907c381b94f74df83_320.webp; https://cdn.prod.website-files.com/654e2d17ca02e3904b4df6c0/6633b09fb3c4a476e8329e12_65e32829e7efeef17e05629e_420.webp; https://cdn.prod.website-files.com/654e2d17ca02e3904b4df6c0/6633b09fb3c4a476e8329e0f_65e328292c3b542344330e7e_520.webp; https://cdn.prod.website-files.com/654e2d17ca02e3904b4df6c0/6633b09fb3c4a476e8329e07_65e328298a7687c9a7267415_610.webp; https://cdn.prod.website-files.com/654e2d17ca02e3904b4df6c0/6633b09fb3c4a476e8329df6_65e32829140209a7c2b30ead_78.webp,"<figure id="""" class=""w-richtext-figure-type-video w-richtext-align-center"" style=""padding-bottom:44.25%"" data-rt-type=""video"" data-rt-align=""center"" data-rt-max-width="""" data-rt-max-height=""44.25%"" data-rt-dimensions=""640:472"" data-page-url=""https://vimeo.com/32249908""><div id=""""><iframe src=""https://player.vimeo.com/video/32249908"" scrolling=""no"" frameborder=""0"" allowfullscreen=""true""></iframe></div></figure><ul id=""""><li id=""""><strong id="""">Features</strong></li><li id="""">LEED Platinum Certified</li><li id="""">Energy usage monitoring</li><li id="""">Rainwater harvesting</li><li id="""">Dual pane low-E windows</li><li id="""">Infloor hydronic radiant heat</li><li id="""">FSC-certified walnut cabinetry</li><li id="""">Air-to-water heat exchange system</li><li id="""">Aluminum panel and cedar siding</li><li id="""">Roof deck</li><li id="""">Custom open concrete staircase</li></ul>",Custom,false,false,NA - Custom,British Columbia,Completed,,,,
Hailey Meadows by Method Arc,hailey-meadows-by-method-arc,6633afedae74e628fc981431,654e2d17ca02e3904b4df6bf,6a889493828855729c90b601,false,false,Fri Aug 21 2026 18:10:27 GMT+0000 (Coordinated Universal Time),Fri Aug 21 2026 18:39:26 GMT+0000 (Coordinated Universal Time),Sun Aug 23 2026 23:37:17 GMT+0000 (Coordinated Universal Time),Hailey Meadows,"A serene single-story home set within a quiet meadow landscape. The layout includes three bedrooms alongside an open kitchen, dining, and living area that connects to an outdoor deck facing the meadow.",11.4,Method Arc,,,,"Hailey, ID",https://cdn.prod.website-files.com/654e2d17ca02e3904b4df6c0/6a889a4f2e32102d1f3a7245_hailey-meadows-hero.webp,https://cdn.prod.website-files.com/654e2d17ca02e3904b4df6c0/6a889ac8b8b1e68c82e39248_hailey-meadows-door.webp; https://cdn.prod.website-files.com/654e2d17ca02e3904b4df6c0/6a889ad78074f667e0bbe9b0_hailey-meadows-dining.webp; https://cdn.prod.website-files.com/654e2d17ca02e3904b4df6c0/6a889acab8fa3fabc85aa2bf_hailey-meadows-indoor.webp; https://cdn.prod.website-files.com/654e2d17ca02e3904b4df6c0/6a889aca0d7c27059cfc6d3a_hailey-meadows-side.webp,,Custom,false,false,,Idaho,Completed,,,,
Alpine Meadows by sagemodern,alpine-meadows-by-sagemodern,6633afedae74e628fc981431,654e2d17ca02e3904b4df6bf,6a88952e6344418fe264f60a,false,false,Fri Aug 21 2026 18:13:02 GMT+0000 (Coordinated Universal Time),Thu Aug 27 2026 18:02:58 GMT+0000 (Coordinated Universal Time),Thu Aug 27 2026 20:42:10 GMT+0000 (Coordinated Universal Time),Alpine Meadows,A modern mountain home with a covered bridge connecting both wings of the house. ,14.4,sagemodern,,,,"Tahoe, CA",https://cdn.prod.website-files.com/654e2d17ca02e3904b4df6c0/6a907bcf685deab8fe73ac12_sage-alpine-sustainability-optimized.webp,https://cdn.prod.website-files.com/654e2d17ca02e3904b4df6c0/6a8898f2a2597761a8aa4a16_Sage_Alpine_ext_back_.II_V.2-32106.webp; https://cdn.prod.website-files.com/654e2d17ca02e3904b4df6c0/6a8898f5e5d98335126127c0_Sage_Alpine_bridge_0398.webp; https://cdn.prod.website-files.com/654e2d17ca02e3904b4df6c0/6a8898f25bd0fe0147b57942_Sage_Alpine_ext_back_.III_32122.webp; https://cdn.prod.website-files.com/654e2d17ca02e3904b4df6c0/6a8898f34d04be0e1d51117a_sage-alpine-kitchen.webp; https://cdn.prod.website-files.com/654e2d17ca02e3904b4df6c0/6a8898f2f4b4548461cfd9e4_Sage_Alpine_LiveDine_V.2-32040.webp; https://cdn.prod.website-files.com/654e2d17ca02e3904b4df6c0/6a8898f2b9eabc288b5fce53_Sage_Alpine_sidedeck_0398.webp,,Custom,false,false,,California,Completed,,,,
Nelson Island Cabin by Peter Brunner,nelson-island-cabin-by-peter-brunner,6633afedae74e628fc981431,654e2d17ca02e3904b4df6bf,6a88957e4a822b268f40e88d,false,false,Fri Aug 21 2026 18:14:22 GMT+0000 (Coordinated Universal Time),Wed Aug 26 2026 19:30:26 GMT+0000 (Coordinated Universal Time),Wed Aug 26 2026 20:13:01 GMT+0000 (Coordinated Universal Time),Nelson Island Cabin,Three-module home set on a remote island site. The interior is defined by its whitewashed Douglas fir lining and exposed structure.,14.2,Peter Brunner,,,,"Nelson Island, BC",https://cdn.prod.website-files.com/654e2d17ca02e3904b4df6c0/6a8f3ec005cc2e6110dd4fde_Nelson%20Island_17%20(1)-optimized.webp,https://cdn.prod.website-files.com/654e2d17ca02e3904b4df6c0/6a8898236344418fe2667544_Nelson%20Island_38.webp; https://cdn.prod.website-files.com/654e2d17ca02e3904b4df6c0/6a8897fda87a50f0be319b79_Nelson%20Island_3.webp; https://cdn.prod.website-files.com/654e2d17ca02e3904b4df6c0/6a8897fde6c0230d67aac185_Nelson%20Island_1.webp; https://cdn.prod.website-files.com/654e2d17ca02e3904b4df6c0/6a8897fdb53131b966df19bd_Nelson%20Island_2.webp; https://cdn.prod.website-files.com/654e2d17ca02e3904b4df6c0/6a8897fc0dec304b388ccd49_Nelson%20Island_5.webp; https://cdn.prod.website-files.com/654e2d17ca02e3904b4df6c0/6a8897fc49d3cba3030d0d9a_Nelson%20Island_10.webp; https://cdn.prod.website-files.com/654e2d17ca02e3904b4df6c0/6a8897fcf4b4548461cf11f0_Nelson%20Island_11.webp; https://cdn.prod.website-files.com/654e2d17ca02e3904b4df6c0/6a8897fc15b7aa5ce66036cc_Nelson%20Island_12.webp; https://cdn.prod.website-files.com/654e2d17ca02e3904b4df6c0/6a8898142c2e04bcc17a7eba_Nelson%20Island_21.webp; https://cdn.prod.website-files.com/654e2d17ca02e3904b4df6c0/6a88982f4d04be0e1d50bd73_Nelson%20Island_36%20(1).webp; https://cdn.prod.website-files.com/654e2d17ca02e3904b4df6c0/6a889834c4e359af7325fe25_Nelson%20Island_24.webp,,Custom,false,false,,British Columbia,Completed,,,,
Telluride Custom by Boka Powell,telluride-custom-by-boka-powell,6633afedae74e628fc981431,654e2d17ca02e3904b4df6bf,6a8895f9ab14f09912d80c60,false,false,Fri Aug 21 2026 18:16:25 GMT+0000 (Coordinated Universal Time),Fri Aug 21 2026 18:39:46 GMT+0000 (Coordinated Universal Time),Sun Aug 23 2026 23:37:17 GMT+0000 (Coordinated Universal Time),Telluride Custom,"A ski-in ski-out residence set slope-side in Mountain Village. The home blends custom off-site modular construction with high-end mountain architecture, featuring expansive glazing framing the San Sophia Ridge.",11.2,Boka Powell,,,,"Telluride, CO",https://cdn.prod.website-files.com/654e2d17ca02e3904b4df6c0/6a88974355e8c9cae66b0d2c_extglowcenter.webp,https://cdn.prod.website-files.com/654e2d17ca02e3904b4df6c0/6a88974afb47ab6f3ffd5cf7_deckglow.webp; https://cdn.prod.website-files.com/654e2d17ca02e3904b4df6c0/6a8897bb5a285a0baba13d7f_lrwide.webp; https://cdn.prod.website-files.com/654e2d17ca02e3904b4df6c0/6a889749e5d9833512601fa0_chairsymetry.webp; https://cdn.prod.website-files.com/654e2d17ca02e3904b4df6c0/6a8897bb64cfb835c6a5dadd_lrrev.webp; https://cdn.prod.website-files.com/654e2d17ca02e3904b4df6c0/6a88974a94f91add4f6a3fd8_dr.webp; https://cdn.prod.website-files.com/654e2d17ca02e3904b4df6c0/6a88974d3b416a70918c3a24_kitchenangle.webp; https://cdn.prod.website-files.com/654e2d17ca02e3904b4df6c0/6a88974d60e4d4116d809ccb_kitchentight.webp; https://cdn.prod.website-files.com/654e2d17ca02e3904b4df6c0/6a8897bbe6c0230d67aaa3a6_lowerlr.webp; https://cdn.prod.website-files.com/654e2d17ca02e3904b4df6c0/6a8897b7b53131b966defe8a_lowerstairlanding.webp; https://cdn.prod.website-files.com/654e2d17ca02e3904b4df6c0/6a8897b9c19d1e943a98b6ec_overstairs.webp; https://cdn.prod.website-files.com/654e2d17ca02e3904b4df6c0/6a8897ba4a822b268f41f2bc_mb.webp; https://cdn.prod.website-files.com/654e2d17ca02e3904b4df6c0/6a8897ba828855729c929e38_mbcenter.webp; https://cdn.prod.website-files.com/654e2d17ca02e3904b4df6c0/6a8897b994f91add4f6a887f_mbview.webp; https://cdn.prod.website-files.com/654e2d17ca02e3904b4df6c0/6a8897b740f4144d22140652_mbathtub.webp,,Custom,false,false,,Colorado,Completed,,,,
